1,1,-1,26,11,1,1,0,1.1977
1,1,-1,2,28,2,0,1,1.7071
1,1,-1,30,13,1,-1,0,2.0001
1,1,-1,24,11,1,0,0,1.5293
1,1,-1,6,23,2,1,1,1.0738
1,1,-1,2,9,1,0,0,0.90981
1,1,-1,4,27,2,1,1,1.0471
1,1,-1,23,16,1,0,0,1.3958
1,1,-1,2,15,1,0,0,1.1151
1,1,-1,25,3,1,1,1,1.0999
1,1,-1,16,15,2,1,0,1.5585
1,1,-1,23,5,1,1,1,1.0552
1,1,-1,22,3,1,1,1,0.70577
1,1,-1,4,16,2,1,1,1.0608
1,1,-1,11,19,2,0,0,0.99179
1,1,-1,8,25,2,1,1,0.47726
1,1,-1,9,17,2,0,0,1.0957
1,1,-1,23,16,1,0,0,0.67512
1,1,-1,18,3,1,1,1,0.59913
1,1,-1,9,27,2,0,0,1.1739
1,1,1,27,15,1,1,0,0.83708
1,1,2,7,9,2,1,1,1.1865
1,1,2,12,27,2,0,0,1.0418
1,1,2,18,5,1,1,1,1.5991
1,1,3,25,10,1,0,0,0.54975
1,1,1,2,17,2,1,1,1.0944
1,1,3,30,10,1,0,0,0.61779
1,1,2,1,11,1,0,0,0.87186
1,1,3,10,17,2,1,0,0.81999
1,1,1,20,11,1,0,0,0.72911
1,1,3,24,2,1,1,1,0.81111
1,1,1,30,14,1,0,0,0.6338
1,1,2,32,8,1,1,1,0.66114
1,1,1,31,13,1,0,0,0.70585
1,1,3,28,7,1,1,1,0.70845
1,1,1,26,15,1,0,0,0.46315
1,1,1,9,5,1,1,1,0.3638
1,1,3,19,3,1,1,1,0.45245
1,1,3,20,9,1,1,0,0.76922
1,1,2,3,8,1,1,1,0.51312
1,1,1,8,14,1,0,0,0.21116
1,1,3,31,8,1,1,1,0.56177
1,1,2,29,2,1,1,1,0.66641
1,1,3,13,8,1,1,1,0.55856
1,1,1,5,31,2,1,1,0.49509
1,1,3,19,4,1,1,1,0.64249
1,1,2,27,1,1,1,1,0.75188
1,1,1,21,11,1,0,0,0.38315
1,1,2,18,12,1,0,0,0.79844
1,1,1,22,6,1,1,1,0.51714
1,1,2,25,15,1,0,0,0.63109
1,1,3,16,14,1,0,0,0.86851
1,1,1,17,14,1,1,0,0.32845
1,1,3,21,13,1,0,0,0.69042
1,1,2,12,31,2,1,0,0.41377
1,1,3,18,10,1,0,0,0.51666
1,1,1,10,16,1,0,0,0.41448
1,1,3,7,8,1,1,1,0.62842
1,1,1,14,10,2,1,0,0.64182
1,1,2,6,29,2,1,1,0.51113
1,1,3,15,4,1,1,1,0.79376
1,1,2,20,10,1,0,0,0.40113
1,1,3,8,4,1,0,1,0.29593
1,1,1,14,17,2,0,0,0.57043
1,1,1,9,26,2,1,0,0.65048
1,1,1,30,8,1,0,1,0.99912
1,1,2,8,15,2,1,1,0.6858
1,1,2,17,8,1,1,1,0.82513
1,1,2,22,6,1,1,1,0.82314
1,1,3,2,29,2,1,1,0.7091
1,1,3,26,5,1,1,1,0.57576
1,1,2,22,12,1,1,0,0.4479
1,1,1,21,13,1,0,0,0.50912
1,1,3,29,6,1,1,1,0.44779
1,1,3,7,1,2,0,1,0.69243
1,1,2,16,29,2,0,0,0.38381
1,1,2,20,13,1,1,0,0.55909
1,1,2,6,8,2,1,1,0.59977
1,1,1,16,6,2,0,0,0.36712
1,1,3,17,1,1,1,1,0.43178
1,1,3,2,3,2,1,1,0.62911
1,1,1,27,12,1,1,0,0.51514
1,1,1,22,16,1,1,0,0.27711
1,1,2,26,7,1,1,1,0.72914
1,1,3,3,5,1,1,1,0.37046
1,1,2,27,1,1,1,1,0.18646
1,1,2,17,11,1,0,0,0.52179
1,1,2,10,14,1,0,0,0.37979
1,1,3,6,4,1,1,1,0.65177
1,1,1,16,11,2,0,0,0.6005
1,1,3,2,24,2,1,1,0.90309
1,1,1,14,18,2,1,0,0.38578
1,1,3,14,32,2,0,0,0.089149
1,1,1,23,9,1,0,0,0.50045
1,1,3,22,3,1,1,1,0.30315
1,1,3,6,2,2,1,1,0.60179
1,1,3,22,6,1,1,1,0.40046
1,1,2,32,14,1,0,0,0.33511
1,1,2,13,7,1,1,1,0.48848
1,1,2,4,19,2,1,1,0.56379
1,1,1,13,19,2,0,0,0.17181
1,1,1,10,20,2,0,0,0.48375
1,1,1,27,12,1,1,0,0.29514
1,1,2,19,15,1,1,0,0.7704
1,1,3,27,10,1,1,0,0.57842
1,1,1,14,11,1,1,0,0.33866
1,1,1,14,4,2,0,0,0.37981
1,1,2,23,11,1,1,0,0.39576
1,1,1,3,11,2,1,1,0.61907
1,1,2,14,27,2,0,0,0.28113
1,1,3,31,6,1,1,1,0.41257
1,1,1,20,7,1,1,1,0.51511
1,1,1,9,5,1,0,1,0.74176
1,1,2,17,15,1,1,0,0.30312
1,1,2,31,16,1,1,0,0.3059
1,1,1,22,11,1,0,0,0.31645
1,1,3,3,9,1,0,0,0.42247
1,1,3,28,13,1,1,0,0.32445
1,1,3,1,20,2,1,1,0.49442
1,1,2,30,8,1,0,1,0.60177
1,1,2,15,25,2,1,0,0.76843
1,1,1,26,1,1,1,1,0.96844
1,1,1,24,3,1,1,1,0.45643
1,1,2,20,12,1,1,0,0.64512
1,1,1,30,13,1,1,0,0.4418
1,1,1,10,3,2,0,0,0.41512
1,1,3,18,11,1,0,0,0.87722
1,1,2,22,16,1,0,0,0.44123
1,1,1,23,2,1,1,1,0.014521
1,1,2,15,22,2,1,0,0.37321
1,1,3,12,22,2,1,0,0.77309
1,1,2,27,5,1,0,1,0.74909
1,1,2,19,14,1,0,0,0.19869
1,1,1,11,4,2,1,0,0.49311
1,1,2,16,21,2,0,0,0.45578
1,1,2,21,12,1,1,0,0.51657
1,1,2,32,2,1,0,1,0.42245
1,1,1,3,13,1,0,0,0.12452
1,1,2,25,13,1,1,0,0.53448
1,1,3,32,3,1,1,1,0.12782
1,1,3,4,17,2,1,1,0.38577
1,1,2,28,7,1,1,1,0.27313
1,1,3,24,6,1,1,1,0.63728
1,1,1,19,1,1,1,1,1.2425
1,1,3,8,15,2,1,1,1.1358
1,1,2,24,11,1,1,0,0.59309
1,1,3,15,1,1,1,1,0.32042
1,1,2,9,7,2,0,0,0.50657
1,1,2,29,13,1,1,0,0.36515
1,1,2,26,7,1,0,1,0.66109
1,1,1,26,6,1,1,1,0.52977
1,1,3,15,27,2,1,0,0.53116
1,1,3,6,28,2,1,1,0.14845
1,1,3,17,10,1,0,0,0.15723
1,1,1,7,14,2,1,1,0.34975
1,1,3,26,9,1,0,0,0.68644
1,1,1,4,5,2,1,1,0.16176
1,1,2,7,16,1,1,0,0.16176
1,1,1,28,15,1,1,0,0.69779
1,1,3,19,15,1,0,0,0.70047
2,0,-1,4,27,2,0,1,0.73448
2,0,-1,23,16,1,1,0,0.42382
2,0,-1,2,15,1,0,0,0.82183
2,0,-1,25,3,1,1,1,0.56383
2,0,-1,16,15,2,0,0,0.45245
2,0,-1,23,5,1,-1,1,2.0001
2,0,-1,22,3,1,1,1,0.54378
2,0,-1,4,16,2,1,1,1.0173
2,0,-1,11,19,2,0,0,0.63915
2,0,-1,8,25,2,1,1,0.61247
2,0,-1,9,17,2,0,0,0.52983
2,0,-1,23,16,1,0,0,0.70715
2,0,-1,18,3,1,1,1,0.68584
2,0,-1,9,27,2,0,0,0.49714
2,0,-1,9,27,2,0,0,0.68382
2,0,-1,8,30,2,1,1,0.43131
2,0,-1,12,7,1,1,1,0.78047
2,0,-1,20,6,1,1,1,0.76381
2,0,-1,27,9,1,0,0,0.49979
2,0,-1,30,13,1,0,0,0.45446
2,0,3,13,19,2,1,0,0.38714
2,0,1,2,17,2,1,1,0.41848
2,0,3,30,10,1,0,0,1.2085
2,0,2,1,11,1,0,0,0.39848
2,0,3,10,17,2,1,0,0.71735
2,0,1,20,11,1,0,0,0.39929
2,0,3,24,2,1,1,1,0.5258
2,0,1,30,14,1,0,0,0.36785
2,0,2,32,8,1,1,1,0.62393
2,0,1,31,13,1,0,0,0.34179
2,0,3,28,7,1,1,1,0.54247
2,0,1,26,15,1,1,0,0.66389
2,0,1,9,5,1,1,1,0.47583
2,0,3,19,3,1,1,1,0.45527
2,0,3,20,9,1,0,0,0.51593
2,0,2,3,8,1,1,1,0.46179
2,0,1,8,14,1,0,0,0.30584
2,0,3,31,8,1,1,1,0.45246
2,0,2,29,2,1,1,1,0.36913
2,0,3,13,8,1,1,1,0.52914
2,0,1,5,31,2,1,1,0.6591
2,0,3,19,4,1,0,1,0.48785
2,0,2,27,1,1,1,1,0.4912
2,0,1,21,11,1,0,0,0.37453
2,0,2,18,12,1,0,0,0.93447
2,0,1,22,6,1,1,1,0.53582
2,0,2,25,15,1,0,0,0.70515
2,0,3,16,14,1,0,0,0.33182
2,0,1,17,14,1,0,0,0.34119
2,0,3,21,13,1,0,0,0.76649
2,0,2,12,31,2,1,0,0.28719
2,0,3,18,10,1,0,0,0.45049
2,0,1,10,16,1,0,0,0.44715
2,0,3,7,8,1,1,1,0.59648
2,0,1,14,10,2,0,0,0.57179
2,0,2,6,29,2,1,1,0.46782
2,0,3,15,4,1,1,1,0.63985
2,0,2,20,10,1,0,0,0.34116
2,0,3,8,4,1,0,1,0.87045
2,0,1,14,17,2,0,0,1.4505
2,0,1,9,26,2,1,0,0.59126
2,0,1,30,8,1,1,1,0.63847
2,0,2,8,15,2,1,1,0.57182
2,0,2,17,8,1,1,1,0.87583
2,0,2,22,6,1,1,1,0.68784
2,0,3,2,29,2,1,1,0.55517
2,0,3,26,5,1,1,1,0.70786
2,0,2,22,12,1,0,0,0.68648
2,0,1,21,13,1,0,0,0.71384
2,0,3,29,6,1,1,1,0.6358
2,0,3,7,1,2,1,1,0.41717
2,0,2,16,29,2,0,0,0.45514
2,0,2,20,13,1,0,0,0.55578
2,0,2,6,8,2,1,1,0.56452
2,0,1,16,6,2,0,0,0.49248
2,0,3,17,1,1,1,1,0.47983
2,0,3,2,3,2,1,1,0.22784
2,0,1,27,12,1,0,0,0.2018
2,0,1,22,16,1,0,0,0.31247
2,0,2,26,7,1,1,1,0.35523
2,0,3,3,5,1,1,1,0.50779
2,0,2,27,1,1,1,1,0.34252
2,0,2,17,11,1,0,0,0.26383
2,0,2,10,14,1,0,0,0.30047
2,0,3,6,4,1,1,1,0.53516
2,0,1,16,11,2,1,0,0.67263
2,0,3,2,24,2,1,1,0.37249
2,0,1,14,18,2,0,0,0.28446
2,0,3,14,32,2,0,0,0.51985
2,0,1,23,9,1,0,0,0.28994
2,0,3,22,3,1,1,1,0.58118
2,0,3,6,2,2,1,1,0.46852
2,0,3,22,6,1,1,1,0.24847
2,0,2,32,14,1,0,0,0.18122
2,0,2,13,7,1,1,1,0.48535
2,0,2,4,19,2,1,1,0.41649
2,0,1,13,19,2,0,0,0.51075
2,0,1,10,20,2,0,0,0.21646
2,0,1,27,12,1,1,0,0.26248
2,0,2,19,15,1,0,0,0.31451
2,0,3,27,10,1,0,0,0.15717
2,0,1,14,11,1,0,0,0.26183
2,0,1,14,4,2,0,0,0.37048
2,0,2,23,11,1,0,0,0.21847
2,0,1,3,11,2,1,1,0.40848
2,0,2,14,27,2,1,0,0.77514
2,0,3,31,6,1,1,1,0.41512
2,0,1,20,7,1,1,1,0.47711
2,0,1,9,5,1,1,1,0.36111
2,0,2,17,15,1,0,0,0.36126
2,0,2,31,16,1,0,0,0.24992
2,0,1,22,11,1,0,0,0.15848
2,0,3,3,9,1,0,0,0.015996
2,0,3,28,13,1,0,0,0.0040543
2,0,3,1,20,2,1,1,0.0049224
2,0,2,30,8,1,1,1,0.31448
2,0,2,15,25,2,1,0,0.39721
2,0,1,26,1,1,1,1,0.49247
2,0,1,24,3,1,1,1,0.18381
2,0,2,20,12,1,1,0,0.11116
2,0,1,30,13,1,0,0,0.2818
2,0,1,10,3,2,0,0,0.44513
2,0,3,18,11,1,0,0,0.3938
2,0,2,22,16,1,0,0,0.10514
2,0,1,23,2,1,1,1,0.21983
2,0,2,15,22,2,1,0,0.44183
2,0,3,12,22,2,1,0,0.80711
2,0,2,27,5,1,1,1,0.24583
2,0,2,19,14,1,0,0,0.27525
2,0,1,11,4,2,0,0,0.78309
2,0,2,16,21,2,0,0,0.23845
2,0,2,21,12,1,0,0,0.47581
2,0,2,32,2,1,1,1,0.34384
2,0,1,3,13,1,1,0,1.3131
2,0,2,25,13,1,0,0,0.20318
2,0,3,32,3,1,1,1,0.3618
2,0,3,4,17,2,0,1,0.62648
2,0,2,28,7,1,1,1,0.33647
2,0,3,24,6,1,1,1,0.60979
2,0,1,19,1,1,1,1,0.3518
2,0,3,8,15,2,1,1,0.41646
2,0,2,24,11,1,0,0,0.24647
2,0,3,15,1,1,1,1,0.81139
2,0,2,9,7,2,0,0,0.36181
2,0,2,29,13,1,0,0,0.13045
2,0,2,26,7,1,1,1,0.45978
2,0,1,26,6,1,1,1,0.38451
2,0,3,15,27,2,0,0,0.6398
2,0,3,6,28,2,1,1,0.48525
2,0,3,17,10,1,0,0,0.24051
2,0,1,7,14,2,1,1,0.26193
2,0,3,26,9,1,0,0,0.80992
2,0,1,4,5,2,1,1,0.4245
2,0,2,7,16,1,0,0,0.2866
2,0,1,28,15,1,0,0,0.31382
2,0,3,19,15,1,0,0,0.36392
2,0,3,1,28,2,1,1,0.30782
2,0,2,32,8,1,1,1,0.6545
2,0,3,8,16,2,1,1,0.38715
2,0,2,28,10,1,0,0,0.090461
2,0,1,22,11,1,0,0,0.16577
2,0,2,24,16,1,0,0,0.046463
2,0,3,19,10,1,0,0,0.0047102
2,0,1,4,28,2,1,1,0.25848
2,0,2,28,9,1,0,0,0.055187
2,0,2,2,20,2,1,1,0.20378
2,0,2,2,16,1,0,0,0.29072
2,0,1,7,5,1,1,1,0.68579
2,0,1,21,9,1,0,0,0.20913
2,0,3,16,18,2,1,0,0.27983
2,0,2,4,16,2,1,1,0.42711
2,0,3,9,7,2,0,0,0.081175
2,0,2,14,7,2,0,0,0.47717
2,0,1,4,5,1,1,1,0.24924
2,0,2,19,15,1,0,0,0.41446
2,0,3,24,14,1,0,0,0.061193
2,0,3,32,13,1,0,0,0.017843
2,0,2,6,13,1,0,0,0.10462
2,0,1,31,5,1,1,1,0.36317
2,0,1,15,21,2,1,0,0.65979
3,1,-1,1,27,2,1,1,1.2824
3,1,-1,18,6,1,1,1,1.0537
3,1,-1,15,2,1,1,1,0.57041
3,1,-1,22,15,1,1,0,1.1545
3,1,-1,4,32,2,1,1,1.3871
3,1,-1,18,16,1,0,0,0.49044
3,1,-1,10,14,1,0,0,0.43781
3,1,-1,25,2,1,1,1,0.93907
3,1,-1,6,12,1,1,0,0.58847
3,1,-1,17,3,1,1,1,0.23576
3,1,-1,7,29,2,1,1,0.69712
3,1,-1,22,15,1,1,0,0.45247
3,1,-1,4,24,2,1,1,1.2171
3,1,-1,24,3,1,1,1,0.43914
3,1,-1,20,3,1,1,1,0.28442
3,1,-1,7,29,2,1,1,0.34375
3,1,-1,3,8,1,1,1,0.84922
3,1,-1,15,1,2,0,0,1.5897
3,1,-1,7,3,1,1,1,0.30909
3,1,-1,15,4,2,1,0,1.1278
3,1,1,10,2,1,1,1,0.60982
3,1,1,17,11,1,0,0,0.72843
3,1,1,3,25,2,1,1,1.0497
3,1,3,18,14,1,1,0,1.0865
3,1,2,10,24,2,1,0,0.69775
3,1,1,2,22,2,1,1,0.86042
3,1,2,17,12,1,1,0,0.28911
3,1,3,10,23,2,1,0,0.50044
3,1,2,13,2,2,0,0,0.38307
3,1,2,20,2,1,1,1,0.39847
3,1,1,18,15,1,1,0,0.48509
3,1,3,24,2,1,1,1,0.16843
3,1,1,26,11,1,0,0,0.54442
3,1,1,24,2,1,1,1,0.097794
3,1,2,11,21,2,1,0,0.51711
3,1,3,19,4,1,1,1,0.071397
3,1,3,32,2,1,1,1,0.043141
3,1,2,12,22,2,1,0,0.6484
3,1,2,26,4,1,0,1,0.73377
3,1,1,25,7,1,1,1,0.16712
3,1,2,8,21,2,1,1,0.51908
3,1,2,5,26,2,1,1,0.54512
3,1,1,10,8,2,1,0,0.71457
3,1,1,13,4,1,0,1,0.17247
3,1,3,10,20,2,0,0,0.66846
3,1,3,14,23,2,0,0,0.75255
3,1,3,14,21,2,1,0,0.72908
3,1,1,30,5,1,1,1,0.53913
3,1,3,16,25,2,0,0,0.65243
3,1,2,9,2,2,0,0,0.4891
3,1,2,15,20,2,0,0,0.90059
3,1,1,11,25,2,1,0,0.46311
3,1,3,5,3,1,1,1,0.33985
3,1,2,21,9,1,0,0,0.58112
3,1,1,21,3,1,1,1,0.068471
3,1,1,5,6,1,1,1,0.080425
3,1,1,11,7,1,1,1,0.083871
3,1,3,23,3,1,1,1,0.10311
3,1,1,3,30,2,1,1,0.30591
3,1,3,18,3,1,1,1,0.34049
3,1,2,32,5,1,1,1,0.43778
3,1,2,3,22,2,1,1,0.61913
3,1,2,32,10,1,0,0,0.22509
3,1,1,13,6,2,0,0,0.42311
3,1,3,12,22,2,1,0,0.74924
3,1,1,17,10,1,0,0,0.89376
3,1,2,10,15,1,0,0,0.097183
3,1,2,18,7,1,1,1,0.27578
3,1,2,4,1,1,0,1,0.34376
3,1,1,21,15,1,0,0,0.23309
3,1,2,8,25,2,1,1,0.43846
3,1,3,24,2,1,1,1,0.65981
3,1,3,15,7,1,0,1,0.61644
3,1,3,6,22,2,1,1,0.59055
3,1,3,17,3,1,1,1,0.62979
3,1,3,18,1,1,0,1,0.45109
3,1,3,24,9,1,0,0,0.16778
3,1,1,18,7,1,1,1,0.21576
3,1,1,9,1,2,1,0,0.4058
3,1,2,30,15,1,0,0,0.11646
3,1,3,19,5,1,1,1,0.41446
3,1,3,8,3,2,0,1,0.39646
3,1,3,23,7,1,1,1,0.36311
3,1,2,27,14,1,0,0,0.32377
3,1,3,28,11,1,0,0,0.15776
3,1,3,15,2,2,1,0,0.99846
3,1,2,12,32,2,1,0,0.58174
3,1,1,21,7,1,1,1,0.5013
3,1,1,1,14,1,0,0,0.19177
3,1,3,12,27,2,1,0,0.39108
3,1,3,19,16,1,0,0,0.32644
3,1,1,30,6,1,0,1,0.72046
3,1,1,21,1,1,0,1,0.37044
3,1,3,12,22,2,1,0,0.41851
3,1,2,21,15,1,0,0,0.43242
3,1,3,24,7,1,1,1,0.23046
3,1,2,19,5,1,0,1,0.30046
3,1,1,15,8,2,1,0,1.0791
3,1,3,1,18,2,1,1,1.0112
3,1,1,26,2,1,1,1,0.6338
3,1,3,1,22,2,1,1,0.37508
3,1,3,18,15,1,0,0,0.2391
3,1,2,5,7,1,1,1,0.20442
3,1,1,4,20,2,1,1,0.53109
3,1,3,12,14,2,1,0,0.44445
3,1,3,22,13,1,0,0,0.96976
3,1,2,22,5,1,1,1,1.0258
3,1,3,17,10,1,0,0,0.27177
3,1,3,19,10,1,0,0,0.39575
3,1,2,3,24,2,1,1,0.37909
3,1,3,12,32,2,1,0,0.5545
3,1,2,29,7,1,1,1,0.76319
3,1,1,5,10,2,1,1,0.56312
3,1,3,23,14,1,0,0,0.29175
3,1,3,25,7,1,1,1,0.56711
3,1,3,24,5,1,1,1,0.61512
3,1,3,16,20,2,1,0,0.4292
3,1,1,6,27,2,1,1,0.42711
3,1,3,30,3,1,1,1,0.59314
3,1,1,16,7,2,0,0,0.45642
3,1,1,2,18,2,1,1,0.59709
3,1,3,10,6,1,1,1,0.42043
3,1,1,17,11,1,0,0,0.090455
3,1,1,13,2,2,1,0,0.36581
3,1,2,32,8,1,1,1,0.50181
3,1,3,5,13,2,1,1,0.56042
3,1,3,23,6,1,1,1,0.40916
3,1,3,4,24,2,1,1,0.35978
3,1,2,27,12,1,1,0,1.3844
3,1,3,11,18,2,1,0,0.45576
3,1,3,18,10,1,0,0,0.38843
3,1,2,25,8,1,1,1,0.97976
3,1,3,32,14,1,0,0,0.33909
3,1,3,31,6,1,1,1,0.95644
3,1,2,10,8,2,0,0,0.4931
3,1,2,19,1,1,0,1,0.38446
3,1,2,15,8,2,0,0,1.0718
3,1,3,10,24,2,1,0,0.55597
3,1,1,27,10,1,0,0,0.47647
3,1,2,26,8,1,1,1,0.48848
3,1,3,12,15,2,1,0,0.82778
3,1,1,32,11,1,0,0,0.1778
3,1,2,22,10,1,0,0,0.28178
3,1,3,1,3,2,1,1,1.0931
3,1,2,8,13,1,0,0,0.15244
3,1,1,9,11,1,0,0,0.2171
3,1,2,4,29,2,1,1,0.53514
3,1,1,30,1,1,1,1,0.79256
3,1,2,24,9,1,0,0,0.39184
3,1,3,29,5,1,1,1,0.52645
3,1,1,7,24,2,1,1,0.42444
3,1,3,29,2,1,1,1,0.84652
3,1,3,26,9,1,0,0,0.067096
3,1,3,23,7,1,1,1,0.55909
3,1,2,18,12,1,0,0,0.19977
3,1,2,21,3,1,1,1,0.51846
3,1,2,12,26,2,1,0,0.49644
3,1,3,22,1,1,0,1,0.29182
3,1,2,10,31,2,1,0,0.31914
3,1,3,10,26,2,1,0,0.64922
4,1,-1,27,3,1,1,1,0.75632
4,1,-1,30,2,1,1,1,0.82435
4,1,-1,9,18,2,0,0,1.1004
4,1,-1,31,3,1,1,1,1.0543
4,1,-1,32,8,1,1,1,0.89833
4,1,-1,26,7,1,1,1,1.5071
4,1,-1,30,16,1,1,0,0.98835
4,1,-1,21,14,1,0,0,0.91305
4,1,-1,30,13,1,1,0,1.0897
4,1,-1,24,11,1,0,0,1.1063
4,1,-1,6,23,2,-1,1,2
4,1,-1,2,9,1,1,0,1.9831
4,1,-1,4,27,2,1,1,0.99772
4,1,-1,23,16,1,0,0,0.86837
4,1,-1,2,15,1,1,0,1.4157
4,1,-1,25,3,1,1,1,1.333
4,1,-1,16,15,2,1,0,1.2224
4,1,-1,23,5,1,1,1,1.203
4,1,-1,22,3,1,1,1,1.393
4,1,-1,4,16,2,0,1,1.1845
4,1,2,19,13,1,-1,0,2
4,1,1,17,15,1,0,0,0.98118
4,1,3,18,3,1,1,1,1.0604
4,1,1,27,14,1,0,0,0.84902
4,1,1,30,4,1,1,1,0.83768
4,1,1,20,6,1,1,1,0.68301
4,1,3,19,15,1,0,0,0.7265
4,1,1,25,7,1,1,1,1.2803
4,1,2,3,2,2,1,1,1.4117
4,1,3,30,10,1,1,0,0.80968
4,1,2,1,11,1,0,0,1.0617
4,1,3,10,17,2,1,0,1.0824
4,1,1,20,11,1,0,0,1.2377
4,1,3,24,2,1,1,1,1.035
4,1,1,30,14,1,0,0,1.2803
4,1,2,32,8,1,-1,1,2
4,1,1,31,13,1,0,0,0.64238
4,1,3,28,7,1,1,1,0.575
4,1,1,26,15,1,0,0,1.175
4,1,1,9,5,1,1,1,0.95903
4,1,3,19,3,1,1,1,0.27186
4,1,3,20,9,1,0,0,0.69975
4,1,2,3,8,1,1,1,1.9184
4,1,1,8,14,1,0,0,0.52836
4,1,3,31,8,1,1,1,1.1378
4,1,2,29,2,1,1,1,1.6504
4,1,3,13,8,1,1,1,1.271
4,1,1,5,31,2,-1,1,2
4,1,3,19,4,1,1,1,0.99384
4,1,2,27,1,1,0,1,1.2731
4,1,1,21,11,1,0,0,0.53302
4,1,2,18,12,1,1,0,0.75637
4,1,1,22,6,1,1,1,0.58106
4,1,2,25,15,1,-1,0,2.0001
4,1,3,16,14,1,1,0,0.41104
4,1,1,17,14,1,1,0,0.24173
4,1,3,21,13,1,0,0,0.73505
4,1,2,12,31,2,1,0,1.9926
4,1,3,18,10,1,0,0,1.0477
4,1,1,10,16,1,0,0,0.4924
4,1,3,7,8,1,1,1,0.32772
4,1,1,14,10,2,-1,0,2
4,1,2,6,29,2,0,1,0.94375
4,1,3,15,4,1,0,1,1.5851
4,1,2,20,10,1,0,0,0.65638
4,1,3,8,4,1,1,1,1.0691
4,1,1,14,17,2,0,0,0.69708
4,1,1,9,26,2,0,0,0.56438
4,1,1,30,8,1,0,1,1.7484
4,1,2,8,15,2,1,1,1.3251
4,1,2,17,8,1,0,1,1.239
4,1,2,22,6,1,1,1,0.57238
4,1,3,2,29,2,1,1,0.94039
4,1,3,26,5,1,1,1,0.58968
4,1,2,22,12,1,1,0,0.91701
4,1,1,21,13,1,0,0,0.39107
4,1,3,29,6,1,1,1,1.3584
4,1,3,7,1,2,0,1,1.407
4,1,2,16,29,2,0,0,0.5817
4,1,2,20,13,1,0,0,0.71703
4,1,2,6,8,2,0,1,0.94298
4,1,1,16,6,2,0,0,0.72035
4,1,3,17,1,1,1,1,1.0424
4,1,3,2,3,2,1,1,1.8477
4,1,1,27,12,1,1,0,0.92439
4,1,1,22,16,1,0,0,0.46237
4,1,2,26,7,1,1,1,0.55441
4,1,3,3,5,1,-1,1,2.0001
4,1,2,27,1,1,1,1,0.71374
4,1,2,17,11,1,-1,0,2
4,1,2,10,14,1,0,0,0.43439
4,1,3,6,4,1,-1,1,2
4,1,1,16,11,2,1,0,1.7824
4,1,3,2,24,2,-1,1,2.0001
4,1,1,14,18,2,0,0,0.67649
4,1,3,14,32,2,0,0,0.76838
4,1,1,23,9,1,-1,0,2
4,1,3,22,3,1,1,1,0.98306
4,1,3,6,2,2,0,1,1.1984
4,1,3,22,6,1,1,1,0.88508
4,1,2,32,14,1,0,0,0.23238
4,1,2,13,7,1,1,1,0.8537
4,1,2,4,19,2,0,1,1.6824
4,1,1,13,19,2,0,0,0.77373
4,1,1,10,20,2,0,0,0.49385
4,1,1,27,12,1,1,0,1.5371
4,1,2,19,15,1,0,0,0.59441
4,1,3,27,10,1,1,0,1.2337
4,1,1,14,11,1,0,0,0.82305
4,1,1,14,4,2,0,0,0.52509
4,1,2,23,11,1,0,0,0.38305
4,1,1,3,11,2,1,1,0.69438
4,1,2,14,27,2,0,0,0.38572
4,1,3,31,6,1,1,1,0.61707
4,1,1,20,7,1,1,1,0.59918
4,1,1,9,5,1,1,1,1.1497
4,1,2,17,15,1,0,0,0.66238
4,1,2,31,16,1,1,0,0.66718
4,1,1,22,11,1,0,0,0.67907
4,1,3,3,9,1,0,0,1.0584
4,1,3,28,13,1,0,0,0.47907
4,1,3,1,20,2,1,1,0.9065
4,1,2,30,8,1,1,1,0.70104
4,1,2,15,25,2,1,0,0.44773
4,1,1,26,1,1,1,1,0.65236
4,1,1,24,3,1,-1,1,2.0001
4,1,2,20,12,1,1,0,0.65571
4,1,1,30,13,1,0,0,0.48441
4,1,1,10,3,2,0,0,0.55971
4,1,3,18,11,1,0,0,0.60839
4,1,2,22,16,1,0,0,1.343
4,1,1,23,2,1,1,1,0.29638
4,1,2,15,22,2,1,0,1.4992
4,1,3,12,22,2,1,0,0.96572
4,1,2,27,5,1,1,1,0.78171
4,1,2,19,14,1,0,0,0.33308
4,1,1,11,4,2,1,0,1.1904
4,1,2,16,21,2,0,0,1.0617
4,1,2,21,12,1,1,0,0.70637
4,1,2,32,2,1,0,1,0.44504
4,1,1,3,13,1,0,0,0.2737
4,1,2,25,13,1,0,0,0.30108
4,1,3,32,3,1,1,1,0.71173
4,1,3,4,17,2,0,1,1.1217
4,1,2,28,7,1,1,1,0.53173
4,1,3,24,6,1,1,1,0.54923
4,1,1,19,1,1,1,1,1.3337
4,1,3,8,15,2,1,1,1.767
4,1,2,24,11,1,0,0,0.43102
4,1,3,15,1,1,-1,1,2.0001
4,1,2,9,7,2,1,0,0.28301
4,1,2,29,13,1,0,0,0.23042
4,1,2,26,7,1,1,1,0.33974
4,1,1,26,6,1,1,1,0.21307
4,1,3,15,27,2,0,0,1.067
4,1,3,6,28,2,1,1,0.86306
4,1,3,17,10,1,0,0,0.61108
4,1,1,7,14,2,1,1,0.80174
4,1,3,26,9,1,0,0,0.5846
4,1,1,4,5,2,1,1,1.3278
5,1,-1,29,15,1,0,0,1.7924
5,1,-1,31,12,1,0,0,0.6719
5,1,-1,19,8,1,0,1,0.54775
5,1,-1,21,6,1,1,1,0.29247
5,1,-1,30,14,1,0,0,0.40777
5,1,-1,12,19,2,1,0,0.79043
5,1,-1,28,11,1,0,0,0.3178
5,1,-1,7,21,2,1,1,0.34382
5,1,-1,3,14,2,1,1,0.45713
5,1,-1,30,8,1,0,1,0.46175
5,1,-1,25,16,1,0,0,0.41043
5,1,-1,32,7,1,1,1,0.36112
5,1,-1,15,8,2,0,0,0.49792
5,1,-1,29,9,1,1,0,0.66846
5,1,-1,20,15,1,0,0,0.28843
5,1,-1,15,7,2,0,0,0.46779
5,1,-1,25,5,1,1,1,0.53588
5,1,-1,22,2,1,1,1,0.22509
5,1,-1,14,9,2,0,0,0.1671
5,1,-1,10,29,2,1,0,0.44709
5,1,3,13,16,2,1,0,0.49983
5,1,3,20,6,1,1,1,0.15045
5,1,2,23,12,1,1,0,0.56713
5,1,1,22,8,1,1,1,0.46315
5,1,1,27,4,1,1,1,0.3471
5,1,2,13,18,2,0,0,0.21179
5,1,2,13,17,2,0,0,0.49046
5,1,2,31,7,1,1,1,0.12577
5,1,3,5,2,1,1,1,0.24788
5,1,1,11,10,1,0,0,0.084469
5,1,2,4,5,2,1,1,0.12777
5,1,3,32,16,1,0,0,0.12982
5,1,2,17,7,1,1,1,0.10713
5,1,2,3,29,2,1,1,0.52578
5,1,1,14,27,2,0,0,0.16778
5,1,2,20,15,1,1,0,0.16777
5,1,3,7,9,2,1,1,0.15978
5,1,2,17,14,1,0,0,0.23248
5,1,2,7,15,1,0,0,0.35782
5,1,3,20,12,1,1,0,0.36646
5,1,2,17,3,1,1,1,0.086552
5,1,2,23,14,1,0,0,0.11379
5,1,3,12,15,1,0,0,0.27643
5,1,3,24,12,1,1,0,0.14449
5,1,3,26,2,1,1,1,0.2258
5,1,2,19,1,1,1,1,0.11176
5,1,1,27,14,1,0,0,0.21843
5,1,1,22,4,1,1,1,0.17649
5,1,2,4,22,2,1,1,0.12845
5,1,2,2,5,1,1,1,0.06645
5,1,2,27,9,1,0,0,0.18244
5,1,3,4,30,2,1,1,0.4378
5,1,1,17,9,1,0,0,0.01921
5,1,1,25,15,1,0,0,0.12109
5,1,3,17,2,1,1,1,0.10713
5,1,2,19,2,1,1,1,0.037761
5,1,2,17,16,1,0,0,0.19537
5,1,2,15,31,2,1,0,0.40251
5,1,2,15,27,2,0,0,0.21711
5,1,2,18,6,1,1,1,0.21523
5,1,1,19,7,1,1,1,0.29323
5,1,1,15,10,1,0,0,0.12862
5,1,3,13,12,1,1,0,0.30663
5,1,1,3,14,1,0,0,0.1893
5,1,1,14,4,1,1,1,0.60459
5,1,3,8,26,2,-1,1,0.58711
5,1,1,13,1,1,1,1,0.17045
5,1,1,7,5,1,1,1,0.47448
5,1,1,5,20,2,1,1,0.51045
5,1,3,31,8,1,1,1,0.36109
5,1,2,17,2,1,1,1,0.065096
5,1,2,6,1,2,1,1,0.30137
5,1,2,31,1,1,1,1,0.23978
5,1,3,23,9,1,1,0,0.2451
5,1,1,25,6,1,1,1,0.13048
5,1,3,28,6,1,1,1,0.10046
5,1,2,30,10,1,1,0,0.2951
5,1,1,28,15,1,0,0,0.17047
5,1,1,18,3,1,1,1,0.37847
5,1,2,7,11,1,0,0,0.13858
5,1,2,2,18,2,1,1,0.14782
5,1,1,8,5,2,1,1,0.10046
5,1,3,27,3,1,1,1,0.1591
5,1,2,7,1,1,1,1,0.19979
5,1,3,21,8,1,1,1,0.1585
5,1,1,17,13,1,0,0,0.19913
5,1,2,24,2,1,1,1,0.26179
5,1,2,12,3,1,1,1,0.29852
5,1,1,22,12,1,1,0,0.10178
5,1,1,1,18,2,1,1,0.41673
5,1,1,31,7,1,1,1,0.31049
5,1,1,22,16,1,0,0,0.15247
5,1,1,15,19,2,0,0,0.21723
5,1,3,24,12,1,1,0,0.41517
5,1,2,19,1,1,1,1,0.29311
5,1,3,10,20,2,0,0,0.2325
5,1,3,6,7,1,1,1,0.07776
5,1,3,13,9,1,0,0,0.20176
5,1,2,12,5,1,1,1,0.072562
5,1,1,20,10,1,0,0,0.30849
5,1,3,8,15,2,1,1,0.27112
5,1,1,16,21,2,1,0,0.48311
5,1,1,27,14,1,0,0,0.27043
5,1,2,9,24,2,0,0,0.21857
5,1,1,31,10,1,0,0,0.23246
5,1,1,3,9,2,1,1,0.35776
5,1,3,23,4,1,1,1,0.36646
5,1,2,26,16,1,0,0,0.062435
5,1,1,11,17,2,0,0,0.12315
5,1,1,24,9,1,0,0,0.3731
5,1,3,28,6,1,1,1,0.3171
5,1,2,25,2,1,1,1,0.2231
5,1,1,17,12,1,1,0,0.18115
5,1,1,10,28,2,0,0,0.23651
5,1,3,21,2,1,1,1,0.081799
5,1,3,19,1,1,1,1,0.045164
5,1,2,10,27,2,0,0,0.082426
5,1,1,15,13,2,0,0,0.12594
5,1,3,7,11,1,0,0,0.27984
5,1,3,19,3,1,1,1,0.051764
5,1,2,30,1,1,1,1,0.16046
5,1,1,26,7,1,1,1,0.24927
5,1,3,12,18,2,0,0,0.2619
5,1,3,28,11,1,-1,0,2
5,1,3,3,19,2,1,1,0.080459
5,1,2,10,9,2,0,0,0.17979
5,1,3,6,25,2,0,1,0.17919
5,1,1,32,7,1,1,1,0.24312
5,1,3,16,26,2,0,0,0.12045
5,1,2,3,19,2,1,1,0.24246
5,1,3,7,14,2,1,1,0.29576
5,1,1,31,9,1,0,0,0.22718
5,1,1,16,17,2,1,0,0.25712
5,1,3,28,11,1,0,0,0.045892
5,1,2,30,4,1,1,1,0.23518
5,1,2,23,13,1,0,0,0.096665
5,1,3,31,16,1,0,0,0.099213
5,1,1,2,10,2,1,1,0.21376
5,1,2,29,7,1,1,1,0.1718
5,1,2,23,13,1,0,0,0.29978
5,1,1,16,9,1,0,0,0.41442
5,1,2,6,9,1,0,0,0.39709
5,1,1,11,29,2,0,0,0.30855
5,1,2,13,6,2,0,0,0.3431
5,1,2,28,7,1,0,1,0.40849
5,1,3,26,14,1,0,0,0.41515
5,1,3,14,11,2,0,0,0.33312
5,1,3,23,12,1,0,0,0.2784
5,1,3,18,5,1,1,1,0.17049
5,1,1,6,3,1,1,1,0.29043
5,1,1,30,1,1,1,1,0.1658
5,1,1,7,15,1,1,0,0.10179
5,1,1,24,13,1,0,0,0.19243
5,1,2,14,2,1,1,1,0.26377
5,1,1,20,14,1,0,0,0.076429
5,1,3,31,4,1,1,1,0.24848
5,1,1,18,6,1,1,1,0.22913
5,1,2,21,3,1,0,1,0.25062
5,1,3,19,15,1,0,0,0.21512
5,1,2,6,21,2,1,1,0.26978
6,1,-1,20,13,1,0,0,1.4997
6,1,-1,32,3,1,1,1,1.7106
6,1,-1,8,1,2,1,1,0.99324
6,1,-1,4,14,2,1,1,0.69648
6,1,-1,18,4,1,1,1,0.7478
6,1,-1,15,31,2,1,0,0.76458
6,1,-1,4,16,2,1,1,0.58842
6,1,-1,2,23,2,1,1,1.7798
6,1,-1,32,3,1,1,1,0.6351
6,1,-1,22,10,1,0,0,0.61661
6,1,-1,29,13,1,0,0,0.55057
6,1,-1,12,14,1,0,0,0.51909
6,1,-1,27,12,1,0,0,0.53727
6,1,-1,26,16,1,0,0,0.34646
6,1,-1,16,25,2,1,0,0.80375
6,1,-1,24,3,1,1,1,0.90651
6,1,-1,15,20,2,1,0,1.0931
6,1,-1,30,15,1,1,0,1.4324
6,1,-1,19,14,1,0,0,0.65375
6,1,-1,2,29,2,1,1,0.68242
6,1,2,2,24,2,1,1,0.96577
6,1,1,5,20,2,1,1,0.66992
6,1,1,11,13,1,0,0,0.64981
6,1,2,20,4,1,1,1,0.81443
6,1,1,11,25,2,0,0,0.98045
6,1,1,24,14,1,0,0,0.88455
6,1,3,10,17,2,1,0,0.39176
6,1,1,27,9,1,0,0,1.1671
6,1,1,22,8,1,1,1,0.65509
6,1,2,18,13,1,0,0,0.64378
6,1,3,8,17,2,1,1,0.55324
6,1,1,25,14,1,1,0,1.5139
6,1,3,30,1,1,1,1,0.45978
6,1,2,7,8,1,1,1,0.43246
6,1,1,24,9,1,0,0,1.5497
6,1,2,27,16,1,0,0,0.52647
6,1,3,12,18,2,1,0,0.25646
6,1,2,20,12,1,1,0,0.78115
6,1,1,27,7,1,1,1,0.54043
6,1,3,26,12,1,1,0,0.30978
6,1,3,8,5,1,1,1,0.55178
6,1,2,10,30,2,1,0,0.31245
6,1,1,19,14,1,1,0,0.65929
6,1,1,17,6,1,1,1,0.16778
6,1,1,7,13,1,1,0,0.1038
6,1,1,30,16,1,1,0,0.14645
6,1,2,31,10,1,1,0,0.19579
6,1,3,8,30,2,1,1,0.2991
6,1,3,27,13,1,1,0,0.16586
6,1,1,8,10,2,1,1,0.17379
6,1,3,10,13,2,1,0,0.50975
6,1,2,32,14,1,1,0,0.99246
6,1,3,8,16,1,0,0,1.1438
6,1,2,26,14,1,0,0,0.5771
6,1,3,12,14,2,1,0,0.72113
6,1,3,24,7,1,1,1,0.16312
6,1,2,31,14,1,1,0,0.2838
6,1,1,20,16,1,0,0,0.64726
6,1,1,17,2,1,1,1,0.3159
6,1,3,29,13,1,0,0,0.86176
6,1,1,20,8,1,1,1,1.2586
6,1,3,7,10,1,1,0,1.1511
6,1,2,26,3,1,1,1,0.95179
6,1,1,23,16,1,0,0,0.84048
6,1,3,21,7,1,1,1,0.67778
6,1,2,32,15,1,1,0,0.7698
6,1,3,16,21,2,0,0,0.45782
6,1,3,7,13,2,1,1,0.47043
6,1,2,22,16,1,0,0,0.36245
6,1,2,4,2,2,1,1,0.93111
6,1,2,31,11,1,1,0,0.94857
6,1,2,9,31,2,1,0,0.66113
6,1,2,1,23,2,1,1,0.4418
6,1,2,2,29,2,1,1,0.32716
6,1,1,8,4,1,1,1,0.60914
6,1,1,21,5,1,1,1,0.51178
6,1,1,29,13,1,0,0,0.84979
6,1,2,26,16,1,0,0,0.43842
6,1,3,2,15,1,1,0,0.76379
6,1,2,8,19,2,1,1,0.61183
6,1,2,20,1,1,1,1,0.77841
6,1,2,14,4,1,1,1,0.22653
6,1,2,18,12,1,1,0,0.22443
6,1,3,2,8,1,1,1,0.27043
6,1,3,26,6,1,1,1,0.20247
6,1,1,24,4,1,1,1,0.52109
6,1,2,6,25,2,1,1,0.69937
6,1,2,31,14,1,1,0,1.0617
6,1,2,18,12,1,1,0,0.43448
6,1,1,29,5,1,1,1,0.39981
6,1,1,30,10,1,1,0,0.44649
6,1,2,21,1,1,1,1,0.45179
6,1,3,17,4,1,1,1,0.60848
6,1,2,23,8,1,1,1,0.30317
6,1,1,2,21,2,1,1,1.0578
6,1,3,23,16,1,0,0,0.20644
6,1,2,31,4,1,1,1,0.52513
6,1,3,30,5,1,1,1,0.34314
6,1,1,28,5,1,1,1,0.80041
6,1,1,11,27,2,0,0,0.67115
6,1,3,19,5,1,1,1,0.21912
6,1,3,26,8,1,1,1,0.43316
6,1,2,9,22,2,0,0,0.35081
6,1,3,30,5,1,1,1,0.51112
6,1,3,5,4,1,0,1,1.0818
6,1,1,19,14,1,0,0,0.1178
6,1,3,30,11,1,0,0,0.15178
6,1,3,18,16,1,0,0,0.36848
6,1,1,11,32,2,1,0,0.72854
6,1,2,10,4,2,1,0,0.83442
6,1,1,11,29,2,1,0,0.46382
6,1,2,20,12,1,1,0,0.72446
6,1,1,17,14,1,0,0,0.69442
6,1,2,28,10,1,0,0,0.59378
6,1,3,2,1,2,1,1,0.4331
6,1,2,4,26,2,1,1,0.030619
6,1,2,3,5,2,1,1,0.43581
6,1,1,8,4,2,1,1,0.76115
6,1,3,24,9,1,0,0,0.77711
6,1,1,22,3,1,1,1,0.57714
6,1,1,31,2,1,1,1,0.45712
6,1,2,22,13,1,1,0,0.52608
6,1,2,14,9,2,1,0,0.56779
6,1,3,24,16,1,0,0,0.30379
6,1,1,18,5,1,1,1,0.84246
6,1,1,30,5,1,1,1,0.5118
6,1,2,7,21,2,1,1,0.52982
6,1,3,17,13,1,0,0,0.41115
6,1,1,20,9,1,0,0,0.28981
6,1,3,30,5,1,1,1,0.35712
6,1,2,30,16,1,0,0,0.71804
6,1,1,4,10,1,0,0,0.72775
6,1,2,10,23,2,1,0,0.53779
6,1,1,13,10,1,1,0,0.69113
6,1,1,20,3,1,1,1,0.53446
6,1,1,10,18,2,1,0,1.0718
6,1,3,2,29,2,1,1,0.30785
6,1,1,27,15,1,1,0,0.42248
6,1,1,17,3,1,1,1,0.46046
6,1,2,20,9,1,0,0,0.83314
6,1,3,16,23,2,0,0,0.18247
6,1,2,2,10,2,1,1,0.74977
6,1,2,3,17,2,1,1,0.31845
6,1,2,24,13,1,0,0,0.40844
6,1,3,7,4,2,1,1,1.1112
6,1,2,1,29,2,1,1,0.37777
6,1,2,18,13,1,0,0,0.47378
6,1,3,13,3,2,0,0,0.34179
6,1,1,27,14,1,1,0,0.60724
6,1,1,5,29,2,1,1,0.51776
6,1,1,22,7,1,1,1,0.16777
6,1,2,32,8,1,1,1,0.57587
6,1,1,11,29,2,0,0,0.68781
6,1,1,10,14,2,1,0,0.64326
6,1,1,28,8,1,1,1,0.30446
6,1,1,25,4,1,1,1,0.71512
6,1,3,18,9,1,0,0,0.70915
6,1,3,14,12,1,1,0,0.53576
6,1,1,30,5,1,1,1,0.44112
6,1,2,23,3,1,1,1,0.086455
7,0,-1,27,3,1,-1,1,2.0001
7,0,-1,30,2,1,-1,1,2.0001
7,0,-1,9,18,2,-1,0,2
7,0,-1,31,3,1,0,1,0.11099
7,0,-1,32,8,1,-1,1,2.0001
7,0,-1,26,7,1,1,1,0.33567
7,0,-1,30,16,1,1,0,0.729
7,0,-1,21,14,1,1,0,0.89845
7,0,-1,30,13,1,0,0,0.42099
7,0,-1,24,11,1,1,0,0.84301
7,0,-1,6,23,2,1,1,0.39231
7,0,-1,2,9,1,1,0,1.3757
7,0,-1,4,27,2,0,1,0.97565
7,0,-1,23,16,1,1,0,1.6156
7,0,-1,2,15,1,-1,0,2
7,0,-1,25,3,1,1,1,0.95638
7,0,-1,16,15,2,0,0,1.3651
7,0,-1,23,5,1,1,1,1.6456
7,0,-1,22,3,1,1,1,1.1863
7,0,-1,4,16,2,1,1,1.0656
7,0,2,19,13,1,1,0,0.61368
7,0,1,17,15,1,-1,0,2
7,0,3,18,3,1,1,1,1.3863
7,0,1,27,14,1,1,0,1.5217
7,0,1,30,4,1,0,1,1.6516
7,0,1,20,6,1,1,1,1.1764
7,0,3,19,15,1,0,0,1.3123
7,0,1,25,7,1,1,1,0.81834
7,0,2,3,2,2,0,1,1.5763
7,0,3,30,10,1,-1,0,2
7,0,2,1,11,1,0,0,1.455
7,0,3,10,17,2,0,0,1.1159
7,0,1,20,11,1,0,0,1.1016
7,0,3,24,2,1,1,1,0.67236
7,0,1,30,14,1,1,0,1.1404
7,0,2,32,8,1,0,1,1.6216
7,0,1,31,13,1,0,0,0.81968
7,0,3,28,7,1,1,1,1.7457
7,0,1,26,15,1,0,0,1.843
7,0,1,9,5,1,1,1,1.3757
7,0,3,19,3,1,1,1,1.0636
7,0,3,20,9,1,0,0,0.78779
7,0,2,3,8,1,0,1,0.93896
7,0,1,8,14,1,0,0,0.60434
7,0,3,31,8,1,0,1,0.52301
7,0,2,29,2,1,1,1,0.11701
7,0,3,13,8,1,1,1,1.207
7,0,1,5,31,2,1,1,1.2137
7,0,3,19,4,1,0,1,1.0043
7,0,2,27,1,1,1,1,0.70704
7,0,1,21,11,1,0,0,1.2856
7,0,2,18,12,1,1,0,1.249
7,0,1,22,6,1,1,1,0.48564
7,0,2,25,15,1,0,0,0.19304
7,0,3,16,14,1,0,0,0.19232
7,0,1,17,14,1,0,0,0.2397
7,0,3,21,13,1,0,0,0.30105
7,0,2,12,31,2,1,0,1.0077
7,0,3,18,10,1,0,0,0.61434
7,0,1,10,16,1,0,0,0.429
7,0,3,7,8,1,1,1,0.171
7,0,1,14,10,2,1,0,0.59499
7,0,2,6,29,2,0,1,0.87367
7,0,3,15,4,1,1,1,0.58166
7,0,2,20,10,1,-1,0,2
7,0,3,8,4,1,1,1,0.78763
7,0,1,14,17,2,0,0,0.81908
7,0,1,9,26,2,0,0,0.53697
7,0,1,30,8,1,1,1,0.25836
7,0,2,8,15,2,1,1,0.807
7,0,2,17,8,1,0,1,0.73381
7,0,2,22,6,1,1,1,0.66301
7,0,3,2,29,2,1,1,0.99568
7,0,3,26,5,1,1,1,0.8351
7,0,2,22,12,1,1,0,0.23303
7,0,1,21,13,1,0,0,0.6543
7,0,3,29,6,1,1,1,0.77901
7,0,3,7,1,2,1,1,0.51433
7,0,2,16,29,2,0,0,1.6123
7,0,2,20,13,1,1,0,0.47502
7,0,2,6,8,2,1,1,1.103
7,0,1,16,6,2,1,0,1.3617
7,0,3,17,1,1,1,1,0.55435
7,0,3,2,3,2,1,1,0.81097
7,0,1,27,12,1,1,0,0.58568
7,0,1,22,16,1,1,0,1.305
7,0,2,26,7,1,1,1,0.62767
7,0,3,3,5,1,1,1,0.5457
7,0,2,27,1,1,1,1,0.0039015
7,0,2,17,11,1,1,0,0.44966
7,0,2,10,14,1,0,0,0.46233
7,0,3,6,4,1,1,1,0.58702
7,0,1,16,11,2,1,0,1.3943
7,0,3,2,24,2,1,1,1.3457
7,0,1,14,18,2,0,0,0.675
7,0,3,14,32,2,0,0,0.63099
7,0,1,23,9,1,0,0,0.77298
7,0,3,22,3,1,1,1,0.86099
7,0,3,6,2,2,1,1,1.1697
7,0,3,22,6,1,1,1,0.60971
7,0,2,32,14,1,0,0,0.84032
7,0,2,13,7,1,1,1,0.96568
7,0,2,4,19,2,1,1,0.85365
7,0,1,13,19,2,0,0,0.81037
7,0,1,10,20,2,0,0,0.74433
7,0,1,27,12,1,1,0,0.70573
7,0,2,19,15,1,0,0,0.66837
7,0,3,27,10,1,0,0,0.38448
7,0,1,14,11,1,0,0,0.41569
7,0,1,14,4,2,0,0,1.3256
7,0,2,23,11,1,-1,0,2
7,0,1,3,11,2,1,1,0.83834
7,0,2,14,27,2,0,0,0.65981
7,0,3,31,6,1,1,1,1.4563
7,0,1,20,7,1,1,1,0.32501
7,0,1,9,5,1,1,1,0.71102
7,0,2,17,15,1,1,0,0.71368
7,0,2,31,16,1,0,0,0.54033
7,0,1,22,11,1,0,0,0.4617
7,0,3,3,9,1,0,0,0.65836
7,0,3,28,13,1,0,0,0.76702
7,0,3,1,20,2,0,1,0.75901
7,0,2,30,8,1,1,1,0.63968
7,0,2,15,25,2,1,0,0.91712
7,0,1,26,1,1,1,1,0.63913
7,0,1,24,3,1,1,1,0.70036
7,0,2,20,12,1,1,0,0.591
7,0,1,30,13,1,0,0,0.39834
7,0,1,10,3,2,0,0,0.68502
7,0,3,18,11,1,0,0,0.59235
7,0,2,22,16,1,0,0,0.41568
7,0,1,23,2,1,1,1,0.55776
7,0,2,15,22,2,0,0,0.51037
7,0,3,12,22,2,0,0,0.44912
7,0,2,27,5,1,1,1,0.65379
7,0,2,19,14,1,0,0,0.33035
7,0,1,11,4,2,1,0,0.64449
7,0,2,16,21,2,1,0,0.5457
7,0,2,21,12,1,1,0,0.85035
7,0,2,32,2,1,1,1,0.070985
7,0,1,3,13,1,0,0,0.467
7,0,2,25,13,1,0,0,0.35171
7,0,3,32,3,1,1,1,0.11233
7,0,3,4,17,2,0,1,0.97034
7,0,2,28,7,1,1,1,0.73835
7,0,3,24,6,1,1,1,0.33968
7,0,1,19,1,1,1,1,0.0038929
7,0,3,8,15,2,1,1,1.3877
7,0,2,24,11,1,0,0,0.65138
7,0,3,15,1,1,1,1,0.17566
7,0,2,9,7,2,0,0,0.63172
7,0,2,29,13,1,0,0,1.6291
7,0,2,26,7,1,1,1,0.547
7,0,1,26,6,1,0,1,1.6443
7,0,3,15,27,2,0,0,0.49765
7,0,3,6,28,2,0,1,0.42104
7,0,3,17,10,1,0,0,0.50701
7,0,1,7,14,2,1,1,0.86166
7,0,3,26,9,1,0,0,0.48966
7,0,1,4,5,2,0,1,0.56515
8,0,-1,16,7,1,1,1,1.3677
8,0,-1,5,2,2,1,1,1.5197
8,0,-1,18,12,1,1,0,1.4417
8,0,-1,19,15,1,1,0,0.51102
8,0,-1,32,14,1,0,0,0.61766
8,0,-1,20,9,1,0,0,0.91164
8,0,-1,16,26,2,0,0,1.1464
8,0,-1,8,16,2,1,1,1.2117
8,0,-1,19,12,1,0,0,1.0423
8,0,-1,19,11,1,0,0,1.1517
8,0,-1,3,21,2,1,1,1.8564
8,0,-1,22,15,1,0,0,0.62115
8,0,-1,32,10,1,0,0,0.923
8,0,-1,30,1,1,1,1,0.525
8,0,-1,4,28,2,1,1,1.8631
8,0,-1,16,28,2,0,0,0.54001
8,0,-1,7,18,2,0,1,0.68503
8,0,-1,21,10,1,0,0,0.70435
8,0,-1,12,2,1,1,1,0.40304
8,0,-1,7,4,1,1,1,0.66572
8,0,1,7,2,2,0,1,0.90965
8,0,1,18,8,1,1,1,1.0083
8,0,2,15,4,1,1,1,0.48701
8,0,3,28,4,1,1,1,0.37835
8,0,2,21,4,1,1,1,0.46632
8,0,3,3,4,1,1,1,0.37434
8,0,1,20,1,1,1,1,0.77435
8,0,3,24,2,1,1,1,0.55038
8,0,3,30,14,1,0,0,0.41506
8,0,3,17,7,1,1,1,0.36503
8,0,1,1,31,2,1,1,1.2612
8,0,1,10,11,1,0,0,0.4497
8,0,2,1,27,2,1,1,0.57434
8,0,2,28,8,1,1,1,1.1985
8,0,1,6,22,2,0,1,0.57302
8,0,1,29,16,1,0,0,1.541
8,0,2,23,5,1,1,1,0.30234
8,0,2,15,25,2,1,0,0.95301
8,0,3,4,6,1,1,1,0.36182
8,0,1,17,3,1,1,1,0.25839
8,0,1,29,8,1,1,1,1.055
8,0,3,4,24,2,0,1,0.29971
8,0,3,18,10,1,0,0,0.65436
8,0,1,5,7,2,1,1,1.075
8,0,1,8,2,1,0,1,0.91103
8,0,1,29,2,1,1,1,0.7937
8,0,1,15,4,2,0,0,1.273
8,0,1,10,2,1,1,1,0.95713
8,0,1,17,11,1,0,0,0.71766
8,0,1,3,25,2,1,1,0.61565
8,0,3,18,14,1,0,0,0.66967
8,0,2,10,24,2,0,0,0.60169
8,0,1,2,22,2,1,1,0.61633
8,0,2,17,12,1,1,0,1.0943
8,0,3,10,23,2,0,0,0.4177
8,0,2,13,2,2,0,0,0.57567
8,0,2,20,2,1,1,1,0.51169
8,0,1,18,15,1,-1,0,2
8,0,3,24,2,1,1,1,0.42499
8,0,1,26,11,1,0,0,1.319
8,0,1,24,2,1,1,1,0.25699
8,0,2,11,21,2,0,0,0.47768
8,0,3,19,4,1,1,1,0.38568
8,0,3,32,2,1,1,1,0.48102
8,0,2,12,22,2,0,0,0.421
8,0,2,26,4,1,0,1,0.80304
8,0,1,25,7,1,1,1,0.12166
8,0,2,8,21,2,0,1,1.0037
8,0,2,5,26,2,1,1,0.66633
8,0,1,10,8,2,0,0,0.59034
8,0,1,13,4,1,1,1,0.37369
8,0,3,10,20,2,0,0,0.88565
8,0,3,14,23,2,0,0,0.68902
8,0,3,14,21,2,0,0,0.47637
8,0,1,30,5,1,1,1,0.94434
8,0,3,16,25,2,0,0,0.8258
8,0,2,9,2,2,0,0,0.73566
8,0,2,15,20,2,1,0,0.53705
8,0,1,11,25,2,0,0,0.68233
8,0,3,5,3,1,1,1,1.0145
8,0,2,21,9,1,0,0,1.373
8,0,1,21,3,1,1,1,0.72503
8,0,1,5,6,1,1,1,0.60697
8,0,1,11,7,1,1,1,0.18974
8,0,3,23,3,1,1,1,0.44508
8,0,1,3,30,2,1,1,0.45836
8,0,3,18,3,1,1,1,0.42304
8,0,2,32,5,1,1,1,0.58102
8,0,2,3,22,2,0,1,0.30837
8,0,2,32,10,1,0,0,0.975
8,0,1,13,6,2,0,0,1.231
8,0,3,12,22,2,1,0,0.42905
8,0,1,17,10,1,0,0,0.41102
8,0,2,10,15,1,0,0,0.42568
8,0,2,18,7,1,1,1,0.3518
8,0,2,4,1,1,1,1,0.43234
8,0,1,21,15,1,0,0,0.51034
8,0,2,8,25,2,1,1,0.39302
8,0,3,24,2,1,1,1,0.27233
8,0,3,15,7,1,1,1,0.25237
8,0,3,6,22,2,0,1,0.36899
8,0,3,17,3,1,1,1,0.088986
8,0,3,18,1,1,1,1,0.21238
8,0,3,24,9,1,0,0,0.459
8,0,1,18,7,1,1,1,0.53566
8,0,1,9,1,2,0,0,0.37707
8,0,2,30,15,1,0,0,0.521
8,0,3,19,5,1,1,1,0.21099
8,0,3,8,3,2,0,1,0.43372
8,0,3,23,7,1,1,1,0.086982
8,0,2,27,14,1,0,0,0.37834
8,0,3,28,11,1,0,0,0.7378
8,0,3,15,2,2,1,0,0.90701
8,0,2,12,32,2,1,0,0.6938
8,0,1,21,7,1,1,1,0.71301
8,0,1,1,14,1,0,0,0.23569
8,0,3,12,27,2,0,0,1.345
8,0,3,19,16,1,0,0,0.43435
8,0,1,30,6,1,1,1,0.47167
8,0,1,21,1,1,1,1,0.26769
8,0,3,12,22,2,1,0,0.71166
8,0,2,21,15,1,0,0,0.15446
8,0,3,24,7,1,1,1,0.37106
8,0,2,19,5,1,1,1,0.051035
8,0,1,15,8,2,0,0,0.20847
8,0,3,1,18,2,0,1,0.40703
8,0,1,26,2,1,1,1,0.10182
8,0,3,1,22,2,1,1,0.73634
8,0,3,18,15,1,0,0,0.64968
8,0,2,5,7,1,1,1,0.13438
8,0,1,4,20,2,1,1,0.63168
8,0,3,12,14,2,1,0,0.63699
8,0,3,22,13,1,0,0,0.12237
8,0,2,22,5,1,1,1,0.052318
8,0,3,17,10,1,0,0,0.50506
8,0,3,19,10,1,0,0,0.13973
8,0,2,3,24,2,1,1,1.229
8,0,3,12,32,2,1,0,0.467
8,0,2,29,7,1,1,1,0.295
8,0,1,5,10,2,1,1,0.89037
8,0,3,23,14,1,0,0,0.10181
8,0,3,25,7,1,1,1,0.008419
8,0,3,24,5,1,1,1,0.20717
8,0,3,16,20,2,0,0,0.4137
8,0,1,6,27,2,0,1,0.68433
8,0,3,30,3,1,1,1,0.10368
8,0,1,16,7,2,0,0,0.37835
8,0,1,2,18,2,0,1,0.45837
8,0,3,10,6,1,1,1,0.52702
8,0,1,17,11,1,0,0,1.361
8,0,1,13,2,2,0,0,0.23371
8,0,2,32,8,1,1,1,0.11104
8,0,3,5,13,2,1,1,0.81772
8,0,3,23,6,1,1,1,0.39165
8,0,3,4,24,2,1,1,1.087
8,0,2,27,12,1,1,0,0.72234
8,0,3,11,18,2,0,0,0.32436
8,0,3,18,10,1,0,0,0.41437
8,0,2,25,8,1,1,1,0.46101
8,0,3,32,14,1,0,0,0.10569
9,0,-1,28,6,1,-1,1,2
9,0,-1,8,17,2,-1,1,2.0001
9,0,-1,14,24,2,0,0,0.70511
9,0,-1,3,28,2,0,1,0.73175
9,0,-1,22,14,1,-1,0,2.0001
9,0,-1,7,20,2,0,1,0.8118
9,0,-1,18,1,1,0,1,0.0030377
9,0,-1,25,7,1,0,1,0.0039115
9,0,-1,2,19,2,-1,1,2.0001
9,0,-1,6,24,2,-1,1,2.0001
9,0,-1,18,15,1,0,0,0.52511
9,0,-1,25,2,1,-1,1,2
9,0,-1,6,24,2,-1,1,2
9,0,-1,23,9,1,1,0,0.25243
9,0,-1,14,20,2,0,0,0.5451
9,0,-1,28,9,1,0,0,0.95446
9,0,-1,10,23,2,0,0,0.39509
9,0,-1,13,19,2,0,0,0.56245
9,0,-1,29,15,1,1,0,0.39513
9,0,-1,31,1,1,1,1,0.28182
9,0,1,3,9,1,1,0,0.22113
9,0,2,11,18,2,0,0,0.0079029
9,0,3,10,11,2,-1,0,2
9,0,2,5,17,2,1,1,1.2404
9,0,3,13,23,2,0,0,0.39776
9,0,2,15,16,2,0,0,0.43712
9,0,1,9,15,2,0,0,0.33845
9,0,3,16,14,2,0,0,0.77187
9,0,2,28,8,1,1,1,0.8842
9,0,2,8,3,1,1,1,0.67979
9,0,3,8,28,2,0,1,0.12314
9,0,3,28,3,1,1,1,0.077136
9,0,2,32,15,1,1,0,0.49716
9,0,2,1,20,2,0,1,0.28383
9,0,1,17,10,1,1,0,0.19114
9,0,2,14,8,1,-1,1,2
9,0,1,20,2,1,0,1,0.62909
9,0,1,29,1,1,1,1,0.067125
9,0,3,5,29,2,0,1,0.14382
9,0,1,12,19,2,0,0,0.62524
9,0,2,22,7,1,1,1,1.0151
9,0,1,25,11,1,0,0,0.66908
9,0,3,3,32,2,0,1,0.52918
9,0,1,27,1,1,1,1,0.70667
9,0,2,31,13,1,0,0,0.66912
9,0,2,26,1,1,1,1,0.68109
9,0,1,21,16,1,0,0,0.75644
9,0,3,19,5,1,1,1,1.0851
9,0,3,15,27,2,0,0,0.85644
9,0,1,28,15,1,0,0,0.89308
9,0,3,17,3,1,1,1,0.48061
9,0,3,27,13,1,0,0,0.35582
9,0,3,11,21,2,0,0,0.63642
9,0,2,7,26,2,1,1,0.24979
9,0,3,9,19,2,0,0,0.23049
9,0,2,3,1,1,1,1,0.54846
9,0,1,11,10,1,0,0,0.59788
9,0,2,23,11,1,0,0,0.53243
9,0,2,14,6,1,1,1,0.40587
9,0,2,9,18,2,0,0,0.16447
9,0,3,23,16,1,0,0,0.2766
9,0,3,20,1,1,1,1,0.12845
9,0,1,32,8,1,1,1,0.58645
9,0,3,14,13,1,0,0,0.35377
9,0,2,1,16,1,0,0,0.39445
9,0,3,18,7,1,1,1,0.50589
9,0,2,27,9,1,0,0,0.27646
9,0,3,24,16,1,0,0,0.36847
9,0,3,31,7,1,1,1,0.27244
9,0,2,30,3,1,1,1,0.76442
9,0,2,18,11,1,1,0,0.93247
9,0,3,4,15,1,0,0,1.0298
9,0,3,20,3,1,0,1,1.2751
9,0,2,27,14,1,0,0,0.53511
9,0,1,18,2,1,1,1,0.93642
9,0,3,29,2,1,1,1,0.14581
9,0,2,27,7,1,1,1,0.1146
9,0,2,5,28,2,1,1,0.67643
9,0,2,9,28,2,0,0,0.28847
9,0,1,15,24,2,0,0,0.12379
9,0,2,13,17,2,0,0,0.49376
9,0,3,25,5,1,1,1,0.33711
9,0,2,28,4,1,1,1,1.1224
9,0,2,16,29,2,0,0,0.23644
9,0,3,27,12,1,1,0,0.26578
9,0,3,3,11,1,-1,0,2.0001
9,0,3,17,4,1,-1,1,2.0001
9,0,2,10,3,1,0,1,0.0056431
9,0,1,14,4,1,-1,1,2
9,0,3,12,4,2,0,0,0.63243
9,0,3,12,2,1,1,1,0.45381
9,0,1,24,11,1,0,0,0.31446
9,0,3,19,15,1,0,0,0.34043
9,0,2,29,3,1,1,1,0.3179
9,0,1,23,11,1,0,0,0.12776
9,0,2,17,9,1,1,0,0.0061059
9,0,2,16,30,2,-1,0,2.0001
9,0,2,4,8,2,1,1,0.070464
9,0,3,32,13,1,0,0,0.16245
9,0,2,13,17,2,0,0,0.44311
9,0,2,21,5,1,1,1,0.096596
9,0,1,27,13,1,1,0,0.3151
9,0,1,4,29,2,0,1,0.18923
9,0,3,32,1,1,1,1,0.028478
9,0,2,32,14,1,-1,0,2
9,0,1,32,10,1,0,0,0.056456
9,0,2,11,24,2,0,0,0.1811
9,0,1,12,30,2,0,0,0.46909
9,0,2,16,10,2,0,0,0.34511
9,0,3,17,8,1,1,1,0.0056524
9,0,2,7,27,2,1,1,0.10514
9,0,3,17,9,1,0,0,0.0070515
9,0,2,7,19,2,0,1,0.074449
9,0,1,2,22,2,1,1,0.004087
9,0,2,8,14,2,1,1,0.15713
9,0,2,5,6,1,1,1,0.2698
9,0,2,16,6,2,0,0,0.23385
9,0,1,4,31,2,0,1,0.21513
9,0,3,1,16,2,1,1,0.48576
9,0,1,27,11,1,0,0,0.0033803
9,0,1,13,29,2,0,0,0.18378
9,0,3,13,21,2,0,0,0.10316
9,0,1,19,14,1,1,0,0.45784
9,0,1,22,16,1,0,0,0.64647
9,0,1,9,26,2,0,0,0.09995
9,0,1,18,12,1,1,0,0.16658
9,0,1,15,12,1,1,0,0.17444
9,0,2,5,29,2,0,1,0.062497
9,0,2,6,19,2,0,1,0.53912
9,0,3,26,8,1,1,1,0.14043
9,0,1,19,6,1,1,1,0.045855
9,0,3,29,15,1,1,0,0.15513
9,0,1,17,15,1,0,0,0.27582
9,0,2,13,24,2,0,0,0.2638
9,0,3,20,15,1,0,0,0.26846
9,0,1,17,7,1,1,1,0.0060117
9,0,3,8,29,2,0,1,0.23911
9,0,3,13,8,1,1,1,0.10042
9,0,3,2,22,2,1,1,0.28709
9,0,2,24,7,1,1,1,0.066477
9,0,1,29,8,1,1,1,0.0037317
9,0,1,19,9,1,0,0,0.053943
9,0,2,11,24,2,0,0,0.29847
9,0,2,26,11,1,0,0,0.053112
9,0,1,26,16,1,0,0,0.19393
9,0,1,30,10,1,0,0,0.1211
9,0,1,3,28,2,1,1,0.23512
9,0,1,12,20,2,1,0,0.66444
9,0,3,17,4,1,1,1,0.34845
9,0,2,23,12,1,1,0,0.1172
9,0,2,26,6,1,1,1,0.095098
9,0,3,23,2,1,1,1,0.16982
9,0,3,21,2,1,1,1,0.12179
9,0,3,16,1,1,1,1,0.15576
9,0,1,29,9,1,0,0,0.076471
9,0,2,3,29,2,0,1,0.13647
9,0,1,9,20,2,0,0,0.30579
9,0,2,12,21,2,1,0,0.18058
9,0,3,20,4,1,1,1,0.26046
9,0,2,1,29,2,1,1,0.12118
10,1,-1,24,1,1,-1,1,2
10,1,-1,12,22,2,0,0,1.749
10,1,-1,10,8,2,1,0,1.9737
10,1,-1,20,11,1,-1,0,2
10,1,-1,2,12,1,1,0,1.3003
10,1,-1,8,23,2,1,1,1.887
10,1,-1,28,12,1,1,0,0.85849
10,1,-1,5,27,2,-1,1,2.0001
10,1,-1,5,19,2,1,1,0.9017
10,1,-1,12,26,2,1,0,1.2403
10,1,-1,17,15,1,0,0,0.76635
10,1,-1,12,15,2,0,0,1.3905
10,1,-1,2,32,2,1,1,1.5817
10,1,-1,7,22,2,1,1,1.5251
10,1,-1,19,6,1,-1,1,2.0001
10,1,-1,20,1,1,1,1,0.78168
10,1,-1,3,32,2,1,1,0.76498
10,1,-1,21,7,1,1,1,0.64569
10,1,-1,4,9,1,1,0,1.0425
10,1,-1,11,5,1,1,1,0.83168
10,1,1,29,15,1,0,0,0.65302
10,1,2,2,11,2,1,1,0.9457
10,1,3,18,15,1,0,0,0.69041
10,1,1,10,2,1,1,1,0.53367
10,1,3,24,10,1,0,0,0.35099
10,1,1,30,5,1,1,1,0.82376
10,1,2,32,14,1,0,0,0.33368
10,1,2,16,18,2,1,0,0.76704
10,1,1,24,11,1,1,0,0.63901
10,1,1,5,16,1,0,0,0.99636
10,1,3,25,3,1,1,1,0.42768
10,1,1,18,16,1,0,0,0.34566
10,1,3,10,26,2,1,0,0.98705
10,1,3,20,16,1,0,0,0.43434
10,1,2,24,1,1,1,1,0.71983
10,1,2,21,6,1,1,1,0.80971
10,1,3,27,6,1,1,1,0.58433
10,1,2,28,11,1,0,0,0.38371
10,1,1,21,7,1,1,1,0.74298
10,1,3,30,8,1,1,1,0.43247
10,1,3,14,32,2,1,0,0.3977
10,1,3,28,8,1,1,1,0.86834
10,1,1,26,15,1,0,0,0.22432
10,1,2,20,15,1,0,0,0.23836
10,1,2,7,29,2,1,1,0.32401
10,1,3,29,11,1,0,0,1.0457
10,1,2,4,14,1,0,0,0.227
10,1,3,10,29,2,1,0,0.3451
10,1,3,13,16,2,0,0,0.49848
10,1,3,20,6,1,1,1,0.22122
10,1,2,23,12,1,1,0,0.467
10,1,1,22,8,1,1,1,0.29514
10,1,1,27,4,1,1,1,0.23434
10,1,2,13,18,2,1,0,0.98365
10,1,2,13,17,2,1,0,0.96699
10,1,2,31,7,1,1,1,0.33513
10,1,3,5,2,1,1,1,0.88837
10,1,1,11,10,1,0,0,0.23573
10,1,2,4,5,2,0,1,1.8412
10,1,3,32,16,1,0,0,0.17436
10,1,2,17,7,1,1,1,0.30232
10,1,2,3,29,2,1,1,0.57704
10,1,1,14,27,2,0,0,0.721
10,1,2,20,15,1,0,0,0.49911
10,1,3,7,9,2,1,1,0.48572
10,1,2,17,14,1,0,0,0.433
10,1,2,7,15,1,0,0,1.3823
10,1,3,20,12,1,0,0,1.0464
10,1,2,17,3,1,1,1,0.36305
10,1,2,23,14,1,0,0,0.17165
10,1,3,12,15,1,0,0,0.38766
10,1,3,24,12,1,1,0,1.243
10,1,3,26,2,1,1,1,0.54433
10,1,2,19,1,1,1,1,0.32969
10,1,1,27,14,1,0,0,0.187
10,1,1,22,4,1,1,1,0.49836
10,1,2,4,22,2,1,1,1.069
10,1,2,2,5,1,1,1,0.76901
10,1,2,27,9,1,0,0,0.24901
10,1,3,4,30,2,1,1,0.4137
10,1,1,17,9,1,0,0,0.34833
10,1,1,25,15,1,0,0,0.30901
10,1,3,17,2,1,1,1,0.27982
10,1,2,19,2,1,1,1,0.51581
10,1,2,17,16,1,0,0,0.68564
10,1,2,15,31,2,1,0,1.289
10,1,2,15,27,2,1,0,0.83633
10,1,2,18,6,1,1,1,0.28167
10,1,1,19,7,1,1,1,1.437
10,1,1,15,10,1,0,0,0.21035
10,1,3,13,12,1,1,0,0.33701
10,1,1,3,14,1,0,0,0.14636
10,1,1,14,4,1,1,1,0.1558
10,1,3,8,26,2,-1,1,2.0001
10,1,1,13,1,1,1,1,0.79503
10,1,1,7,5,1,1,1,0.18638
10,1,1,5,20,2,1,1,1.0017
10,1,3,31,8,1,1,1,0.88847
10,1,2,17,2,1,1,1,0.31568
10,1,2,6,1,2,1,1,0.77367
10,1,2,31,1,1,1,1,0.99769
10,1,3,23,9,1,0,0,0.37238
10,1,1,25,6,1,1,1,0.71637
10,1,3,28,6,1,1,1,0.61446
10,1,2,30,10,1,0,0,0.41232
10,1,1,28,15,1,1,0,0.45111
10,1,1,18,3,1,1,1,0.28766
10,1,2,7,11,1,0,0,0.33898
10,1,2,2,18,2,1,1,0.72432
10,1,1,8,5,2,1,1,0.87832
10,1,3,27,3,1,1,1,0.16237
10,1,2,7,1,1,1,1,0.49103
10,1,3,21,8,1,1,1,0.43832
10,1,1,17,13,1,0,0,0.12365
10,1,2,24,2,1,1,1,0.14965
10,1,2,12,3,1,1,1,0.12635
10,1,1,22,12,1,1,0,0.54435
10,1,1,1,18,2,1,1,0.35303
10,1,1,31,7,1,1,1,0.23366
10,1,1,22,16,1,0,0,0.27967
10,1,1,15,19,2,0,0,1.2837
10,1,3,24,12,1,1,0,0.33509
10,1,2,19,1,1,1,1,0.21631
10,1,3,10,20,2,1,0,0.91833
10,1,3,6,7,1,1,1,0.19243
10,1,3,13,9,1,0,0,0.3837
10,1,2,12,5,1,1,1,0.33501
10,1,1,20,10,1,0,0,0.3684
10,1,3,8,15,2,1,1,0.56836
10,1,1,16,21,2,1,0,1.8083
10,1,1,27,14,1,0,0,0.527
10,1,2,9,24,2,1,0,0.42502
10,1,1,31,10,1,0,0,0.175
10,1,1,3,9,2,1,1,0.415
10,1,3,23,4,1,1,1,0.37302
10,1,2,26,16,1,0,0,0.18105
10,1,1,11,17,2,1,0,0.32451
10,1,1,24,9,1,1,0,0.14231
10,1,3,28,6,1,1,1,0.20781
10,1,2,25,2,1,1,1,0.46238
10,1,1,17,12,1,1,0,0.41907
10,1,1,10,28,2,1,0,0.86503
10,1,3,21,2,1,1,1,0.26902
10,1,3,19,1,1,1,1,0.16901
10,1,2,10,27,2,1,0,1.121
10,1,1,15,13,2,0,0,0.69104
10,1,3,7,11,1,0,0,0.34251
10,1,3,19,3,1,1,1,0.16768
10,1,2,30,1,1,1,1,0.21566
10,1,1,26,7,1,1,1,0.25367
10,1,3,12,18,2,1,0,0.32234
10,1,3,28,11,1,0,0,0.24453
10,1,3,3,19,2,1,1,0.33768
10,1,2,10,9,2,0,0,0.37907
10,1,3,6,25,2,1,1,0.17099
10,1,1,32,7,1,1,1,0.13903
10,1,3,16,26,2,0,0,0.43634
10,1,2,3,19,2,1,1,0.24965
10,1,3,7,14,2,1,1,0.59902
10,1,1,31,9,1,0,0,0.74166
11,1,-1,20,9,1,-1,0,2
11,1,-1,2,28,2,-1,1,2
11,1,-1,15,18,2,0,0,0.94923
11,1,-1,19,6,1,0,1,1.6697
11,1,-1,3,15,1,1,0,1.0339
11,1,-1,24,16,1,1,0,1.5511
11,1,-1,24,9,1,1,0,1.2558
11,1,-1,8,9,2,1,1,1.2204
11,1,-1,32,13,1,0,0,0.69859
11,1,-1,4,20,2,0,1,0.8051
11,1,-1,14,24,2,0,0,1.4118
11,1,-1,9,4,1,0,1,1.4264
11,1,-1,21,8,1,1,1,1.7284
11,1,-1,21,5,1,1,1,0.88181
11,1,-1,13,29,2,0,0,1.7171
11,1,-1,23,13,1,0,0,1.3838
11,1,-1,10,9,1,0,0,0.84708
11,1,-1,12,14,1,0,0,0.61244
11,1,-1,10,8,2,1,0,0.79514
11,1,-1,28,8,1,1,1,0.77847
11,1,2,16,9,2,1,0,1.8737
11,1,1,28,6,1,1,1,1.1098
11,1,3,21,16,1,0,0,1.3845
11,1,2,9,19,2,1,0,1.6158
11,1,3,29,8,1,1,1,1.4458
11,1,1,2,25,2,1,1,0.95445
11,1,1,12,13,2,1,0,1.4671
11,1,1,28,5,1,1,1,0.91912
11,1,2,24,4,1,1,1,0.85725
11,1,3,19,16,1,1,0,1.1818
11,1,3,7,1,2,1,1,1.6451
11,1,3,4,2,2,1,1,1.1864
11,1,2,17,12,1,1,0,0.77779
11,1,3,28,6,1,1,1,0.89708
11,1,1,18,5,1,1,1,0.59641
11,1,3,26,6,1,-1,1,2.0001
11,1,1,23,3,1,1,1,0.62583
11,1,1,30,14,1,0,0,0.71979
11,1,3,6,8,1,1,1,0.67381
11,1,2,25,1,1,1,1,1.2138
11,1,3,17,3,1,1,1,1.0764
11,1,2,19,3,1,1,1,0.44846
11,1,2,5,28,2,1,1,1.2301
11,1,2,9,1,2,0,0,0.83524
11,1,2,18,12,1,1,0,0.74442
11,1,3,6,18,2,-1,1,2.0001
11,1,3,20,16,1,0,0,0.77643
11,1,3,7,2,1,1,1,1.4406
11,1,1,16,31,2,1,0,0.88579
11,1,1,13,14,2,0,0,0.72908
11,1,3,15,13,2,1,0,1.3553
11,1,3,24,9,1,0,0,1.2198
11,1,3,15,28,2,1,0,0.96189
11,1,2,24,9,1,0,0,0.70643
11,1,2,7,11,1,0,0,0.54925
11,1,2,11,27,2,1,0,1.5818
11,1,2,17,2,1,1,1,0.78916
11,1,2,12,11,2,1,0,0.59645
11,1,3,7,22,2,1,1,0.56377
11,1,3,7,10,1,0,0,1.308
11,1,3,17,9,1,0,0,0.38246
11,1,2,14,1,2,1,0,1.2144
11,1,2,13,3,1,1,1,0.64446
11,1,1,7,27,2,1,1,1.2097
11,1,2,2,13,2,1,1,0.64792
11,1,1,30,6,1,1,1,0.69312
11,1,1,25,16,1,1,0,0.96844
11,1,1,10,22,2,0,0,0.51256
11,1,1,17,15,1,0,0,1.1465
11,1,3,24,4,1,1,1,1.1551
11,1,2,8,27,2,1,1,0.82776
11,1,2,27,8,1,1,1,0.6818
11,1,1,23,13,1,0,0,0.43713
11,1,3,23,13,1,0,0,0.61046
11,1,2,28,16,1,0,0,0.76941
11,1,1,18,2,1,0,1,1.2491
11,1,3,20,10,1,0,0,0.85385
11,1,3,19,14,1,0,0,1.1064
11,1,2,26,14,1,1,0,1.5811
11,1,1,32,2,1,0,1,1.0045
11,1,3,27,6,1,1,1,0.90714
11,1,3,18,14,1,0,0,0.74975
11,1,3,3,23,2,1,1,0.89442
11,1,1,13,9,2,1,0,1.3378
11,1,3,21,15,1,1,0,1.1071
11,1,3,19,11,1,0,0,0.38977
11,1,2,14,12,1,1,0,0.93309
11,1,2,30,6,1,1,1,0.91844
11,1,2,16,9,2,1,0,0.77645
11,1,3,2,15,1,1,0,0.80045
11,1,2,18,4,1,1,1,0.70309
11,1,2,15,28,2,1,0,0.92977
11,1,2,12,9,2,1,0,0.58778
11,1,1,6,12,2,1,1,0.4831
11,1,3,23,6,1,1,1,0.52642
11,1,3,11,20,2,1,0,0.60049
11,1,1,5,13,2,1,1,0.49512
11,1,3,28,6,1,1,1,1.1384
11,1,1,11,32,2,0,0,0.72377
11,1,2,24,3,1,1,1,1.0937
11,1,3,4,24,2,1,1,0.72908
11,1,3,23,8,1,1,1,0.89845
11,1,2,17,11,1,0,0,0.38909
11,1,3,17,2,1,1,1,1.0044
11,1,2,10,16,2,0,0,0.50722
11,1,1,20,15,1,1,0,1.0778
11,1,1,4,31,2,1,1,1.3617
11,1,1,5,3,1,1,1,1.2264
11,1,3,27,12,1,1,0,0.80855
11,1,2,23,9,1,0,0,0.56715
11,1,1,26,4,1,1,1,1.2231
11,1,2,20,2,1,1,1,1.6131
11,1,1,10,24,2,0,0,1.1231
11,1,2,27,7,1,1,1,0.58108
11,1,1,19,6,1,1,1,0.46845
11,1,2,8,31,2,1,1,0.53656
11,1,2,18,2,1,1,1,0.73774
11,1,1,27,4,1,1,1,0.70711
11,1,3,22,16,1,0,0,0.34178
11,1,1,14,16,2,0,0,0.83108
11,1,1,22,9,1,0,0,0.40514
11,1,3,16,20,2,0,0,0.71579
11,1,1,21,2,1,0,1,0.40661
11,1,2,9,8,2,1,0,0.98909
11,1,2,14,7,2,1,0,0.84456
11,1,3,10,20,2,1,0,0.4418
11,1,3,31,7,1,1,1,0.55918
11,1,1,26,3,1,1,1,0.54375
11,1,2,28,10,1,0,0,0.70508
11,1,3,19,13,1,0,0,0.43579
11,1,2,16,9,1,0,0,0.31313
11,1,2,8,2,1,1,1,0.25124
11,1,1,7,20,2,1,1,0.9199
11,1,3,26,12,1,1,0,0.62577
11,1,3,25,16,1,0,0,0.70323
11,1,1,21,4,1,0,1,0.57775
11,1,2,7,17,2,1,1,0.6498
11,1,3,13,19,2,0,0,0.59844
11,1,2,23,14,1,0,0,0.36581
11,1,3,25,13,1,0,0,0.58257
11,1,1,17,12,1,1,0,0.88647
11,1,2,24,1,1,0,1,0.96181
11,1,1,28,7,1,1,1,0.68256
11,1,3,25,4,1,1,1,0.66191
11,1,1,13,17,2,1,0,0.47465
11,1,2,32,7,1,1,1,1.0224
11,1,3,9,22,2,0,0,0.50047
11,1,3,22,9,1,0,0,0.73524
11,1,1,29,5,1,1,1,0.69642
11,1,3,15,10,1,0,0,0.36309
11,1,2,5,3,2,1,1,0.29909
11,1,1,12,24,2,1,0,0.8218
11,1,3,12,31,2,1,0,0.8358
11,1,3,7,25,2,1,1,0.62511
11,1,2,30,12,1,1,0,0.79109
11,1,3,13,9,1,0,0,0.70244
11,1,2,21,9,1,0,0,0.79311
11,1,1,10,21,2,1,0,0.87246
11,1,3,28,7,1,1,1,1.4365
11,1,3,9,31,2,1,0,0.94591
12,0,-1,6,16,2,-1,1,2
12,0,-1,32,16,1,-1,0,2.0001
12,0,-1,22,15,1,0,0,0.99634
12,0,-1,16,8,1,1,1,1.1399
12,0,-1,23,13,1,0,0,1.229
12,0,-1,32,9,1,0,0,1.1391
12,0,-1,31,1,1,1,1,1.7243
12,0,-1,10,19,2,1,0,0.64635
12,0,-1,17,9,1,0,0,0.85968
12,0,-1,14,18,2,1,0,0.75234
12,0,-1,23,13,1,0,0,0.54499
12,0,-1,5,16,1,0,0,0.63435
12,0,-1,12,22,2,1,0,1.3436
12,0,-1,6,9,1,0,0,0.80101
12,0,-1,7,11,2,1,1,0.82368
12,0,-1,16,13,1,0,0,0.77369
12,0,-1,32,14,1,0,0,0.58166
12,0,-1,20,15,1,0,0,0.70105
12,0,-1,26,14,1,0,0,0.75168
12,0,-1,29,6,1,1,1,0.92033
12,0,2,29,7,1,1,1,0.71439
12,0,3,31,9,1,0,0,1.1883
12,0,1,3,6,1,1,1,0.67569
12,0,2,1,30,2,1,1,0.83169
12,0,2,1,7,1,-1,1,2
12,0,1,1,24,2,1,1,0.63568
12,0,2,25,7,1,0,1,0.96901
12,0,1,2,3,2,1,1,0.55304
12,0,1,27,16,1,0,0,0.40166
12,0,2,8,18,2,1,1,0.37635
12,0,3,12,15,2,1,0,0.51235
12,0,3,6,23,2,1,1,0.39449
12,0,2,14,29,2,0,0,0.5217
12,0,2,6,21,2,1,1,0.53968
12,0,2,11,26,2,1,0,0.39705
12,0,3,32,4,1,1,1,0.21232
12,0,1,20,7,1,1,1,0.34701
12,0,3,18,4,1,1,1,0.92449
12,0,2,31,8,1,1,1,0.78236
12,0,3,2,23,2,1,1,0.71771
12,0,3,10,5,2,1,0,1.1996
12,0,3,20,4,1,1,1,1.0864
12,0,3,12,14,1,0,0,0.26571
12,0,3,20,13,1,0,0,0.30182
12,0,1,31,13,1,0,0,0.18434
12,0,3,27,8,1,1,1,0.18367
12,0,2,30,15,1,0,0,0.21507
12,0,2,19,1,1,1,1,0.81313
12,0,3,14,2,2,0,0,0.51565
12,0,1,5,20,2,1,1,0.88567
12,0,1,11,13,1,0,0,0.32904
12,0,2,20,4,1,0,1,1.131
12,0,1,11,25,2,1,0,0.58101
12,0,1,24,14,1,0,0,0.109
12,0,3,10,17,2,1,0,0.38365
12,0,1,27,9,1,0,0,0.047006
12,0,1,22,8,1,1,1,0.17235
12,0,2,18,13,1,0,0,0.07636
12,0,3,8,17,2,1,1,0.31232
12,0,1,25,14,1,0,0,0.034616
12,0,3,30,1,1,1,1,0.89568
12,0,2,7,8,1,1,1,0.79514
12,0,1,24,9,1,0,0,0.14635
12,0,2,27,16,1,0,0,0.48366
12,0,3,12,18,2,1,0,0.50298
12,0,2,20,12,1,1,0,0.61771
12,0,1,27,7,1,1,1,0.63192
12,0,3,26,12,1,1,0,0.32572
12,0,3,8,5,1,1,1,0.63165
12,0,2,10,30,2,1,0,0.58969
12,0,1,19,14,1,0,0,0.22101
12,0,1,17,6,1,1,1,0.87501
12,0,1,7,13,1,0,0,0.47901
12,0,1,30,16,1,0,0,0.54713
12,0,2,31,10,1,0,0,0.75573
12,0,3,8,30,2,1,1,0.50035
12,0,3,27,13,1,0,0,0.055016
12,0,1,8,10,2,1,1,0.36369
12,0,3,10,13,2,1,0,0.32369
12,0,2,32,14,1,0,0,0.3257
12,0,3,8,16,1,0,0,0.43168
12,0,2,26,14,1,0,0,0.39714
12,0,3,12,14,2,1,0,0.27569
12,0,3,24,7,1,1,1,0.69564
12,0,2,31,14,1,0,0,0.14709
12,0,1,20,16,1,0,0,0.31571
12,0,1,17,2,1,1,1,0.83831
12,0,3,29,13,1,0,0,0.17969
12,0,1,20,8,1,1,1,0.17981
12,0,3,7,10,1,0,0,0.94767
12,0,2,26,3,1,1,1,0.14835
12,0,1,23,16,1,0,0,0.38902
12,0,3,21,7,1,1,1,0.17232
12,0,2,32,15,1,0,0,0.33235
12,0,3,16,21,2,0,0,0.52568
12,0,3,7,13,2,1,1,0.34368
12,0,2,22,16,1,0,0,0.50505
12,0,2,4,2,2,1,1,0.27567
12,0,2,31,11,1,0,0,0.39171
12,0,2,9,31,2,1,0,0.759
12,0,2,1,23,2,1,1,0.50377
12,0,2,2,29,2,1,1,0.28235
12,0,1,8,4,1,1,1,0.13437
12,0,1,21,5,1,1,1,0.35968
12,0,1,29,13,1,0,0,0.12039
12,0,2,26,16,1,0,0,0.17836
12,0,3,2,15,1,0,0,0.3864
12,0,2,8,19,2,1,1,0.2178
12,0,2,20,1,1,1,1,0.85582
12,0,2,14,4,1,1,1,0.10038
12,0,2,18,12,1,0,0,0.21502
12,0,3,2,8,1,1,1,0.18168
12,0,3,26,6,1,1,1,0.11765
12,0,1,24,4,1,1,1,0.11183
12,0,2,6,25,2,1,1,0.35435
12,0,2,31,14,1,0,0,0.10699
12,0,2,18,12,1,0,0,0.26171
12,0,1,29,5,1,1,1,0.17838
12,0,1,30,10,1,1,0,1.4503
12,0,2,21,1,1,1,1,0.19116
12,0,3,17,4,1,0,1,0.79035
12,0,2,23,8,1,1,1,0.37371
12,0,1,2,21,2,1,1,0.35767
12,0,3,23,16,1,0,0,0.54236
12,0,2,31,4,1,1,1,0.42369
12,0,3,30,5,1,1,1,0.4138
12,0,1,28,5,1,0,1,0.35659
12,0,1,11,27,2,1,0,0.39701
12,0,3,19,5,1,1,1,0.7797
12,0,3,26,8,1,1,1,0.75506
12,0,2,9,22,2,0,0,0.4757
12,0,3,30,5,1,1,1,0.63167
12,0,3,5,4,1,1,1,0.64501
12,0,1,19,14,1,0,0,0.41835
12,0,3,30,11,1,0,0,0.10451
12,0,3,18,16,1,0,0,0.42715
12,0,1,11,32,2,1,0,0.38499
12,0,2,10,4,2,0,0,0.57642
12,0,1,11,29,2,1,0,0.59233
12,0,2,20,12,1,0,0,0.34365
12,0,1,17,14,1,0,0,0.11302
12,0,2,28,10,1,0,0,0.15571
12,0,3,2,1,2,1,1,0.16447
12,0,2,4,26,2,1,1,0.25301
12,0,2,3,5,2,1,1,0.32167
12,0,1,8,4,2,1,1,0.65167
12,0,3,24,9,1,0,0,0.19249
12,0,1,22,3,1,1,1,0.36768
12,0,1,31,2,1,1,1,0.43969
12,0,2,22,13,1,0,0,0.19705
12,0,2,14,9,2,1,0,0.41165
12,0,3,24,16,1,0,0,0.042475
12,0,1,18,5,1,1,1,0.15168
12,0,1,30,5,1,1,1,0.241
12,0,2,7,21,2,1,1,0.31048
12,0,3,17,13,1,0,0,0.089043
12,0,1,20,9,1,0,0,0.060363
12,0,3,30,5,1,1,1,0.105
12,0,2,30,16,1,0,0,0.07571
12,0,1,4,10,1,0,0,0.19983
13,1,-1,20,14,1,1,0,1.4631
13,1,-1,21,5,1,1,1,0.87574
13,1,-1,2,8,1,1,1,0.56776
13,1,-1,21,4,1,1,1,0.54379
13,1,-1,25,8,1,1,1,0.52111
13,1,-1,6,26,2,1,1,0.88316
13,1,-1,16,4,2,0,0,0.43045
13,1,-1,21,15,1,1,0,0.5965
13,1,-1,2,32,2,0,1,0.46791
13,1,-1,22,9,1,0,0,0.9038
13,1,-1,25,12,1,1,0,0.51443
13,1,-1,23,10,1,1,0,0.42846
13,1,-1,11,6,1,1,1,0.4025
13,1,-1,30,6,1,1,1,0.48111
13,1,-1,11,3,2,0,0,0.31648
13,1,-1,27,12,1,1,0,0.30252
13,1,-1,13,10,2,0,0,0.37718
13,1,-1,29,2,1,1,1,0.26512
13,1,-1,16,5,1,1,1,0.29382
13,1,-1,29,2,1,1,1,0.34513
13,1,2,11,13,2,1,0,1.3298
13,1,3,22,11,1,0,0,0.63527
13,1,1,20,10,1,-1,0,2
13,1,2,12,6,2,0,0,0.89539
13,1,2,12,25,2,1,0,0.87457
13,1,1,28,14,1,0,0,1.7586
13,1,2,13,28,2,1,0,0.57508
13,1,2,19,16,1,0,0,1.2951
13,1,2,21,15,1,0,0,1.2424
13,1,3,6,8,2,1,1,1.0878
13,1,1,32,3,1,1,1,0.49913
13,1,3,30,10,1,1,0,0.58978
13,1,2,6,17,2,1,1,0.91715
13,1,2,6,16,2,1,1,0.7591
13,1,1,20,6,1,1,1,0.54381
13,1,2,11,20,2,0,0,0.58511
13,1,2,5,30,2,1,1,0.68849
13,1,2,22,12,1,1,0,0.94777
13,1,3,17,7,1,1,1,0.95646
13,1,3,6,11,2,1,1,1.1651
13,1,3,8,32,2,1,1,0.92511
13,1,1,14,13,1,0,0,0.51911
13,1,1,14,20,2,0,0,0.42511
13,1,3,8,12,1,0,0,1.0311
13,1,1,7,1,1,1,1,0.49242
13,1,1,28,15,1,0,0,0.27976
13,1,3,19,15,1,1,0,0.46709
13,1,2,29,10,1,0,0,0.40715
13,1,1,30,2,1,1,1,0.31784
13,1,3,13,3,1,1,1,0.48778
13,1,1,8,23,2,0,1,0.48321
13,1,3,18,11,1,0,0,0.33443
13,1,3,21,15,1,0,0,0.84781
13,1,2,11,31,2,0,0,0.41244
13,1,2,20,11,1,0,0,0.40312
13,1,1,3,9,2,1,1,0.48175
13,1,2,15,14,2,0,0,0.87713
13,1,2,22,7,1,1,1,0.28111
13,1,2,13,16,1,0,0,0.38125
13,1,3,13,23,2,1,0,0.56442
13,1,2,24,9,1,0,0,0.50049
13,1,3,7,28,2,1,1,0.39912
13,1,1,15,1,2,0,0,1.7265
13,1,1,6,23,2,1,1,0.53654
13,1,1,10,25,2,1,0,0.66578
13,1,2,30,7,1,1,1,0.38249
13,1,2,19,3,1,1,1,0.46192
13,1,1,1,31,2,1,1,0.32192
13,1,3,25,6,1,1,1,0.4678
13,1,1,16,26,2,0,0,0.3439
13,1,2,23,12,1,0,0,0.52846
13,1,3,21,10,1,0,0,0.54646
13,1,1,29,6,1,1,1,0.3878
13,1,2,16,26,2,0,0,0.89909
13,1,2,8,23,2,1,1,0.62178
13,1,1,22,4,1,1,1,0.41978
13,1,1,6,5,1,1,1,0.3378
13,1,3,1,31,2,1,1,0.53923
13,1,1,32,9,1,1,0,0.93249
13,1,3,29,11,1,0,0,0.26976
13,1,3,32,3,1,1,1,0.097759
13,1,3,2,3,1,1,1,0.21245
13,1,3,32,9,1,1,0,0.29939
13,1,3,30,15,1,1,0,0.70176
13,1,3,4,17,2,1,1,0.32846
13,1,1,27,3,1,1,1,0.33048
13,1,3,13,9,2,0,0,0.74048
13,1,3,15,23,2,0,0,0.35776
13,1,3,6,8,2,1,1,0.52645
13,1,3,28,2,1,1,1,0.26452
13,1,1,12,27,2,1,0,0.30843
13,1,1,26,1,1,1,1,0.45509
13,1,3,30,14,1,0,0,0.51574
13,1,1,25,14,1,1,0,0.81377
13,1,1,7,17,2,1,1,0.60448
13,1,2,16,32,2,0,0,0.31509
13,1,2,31,8,1,0,1,0.70919
13,1,3,24,1,1,1,1,0.38378
13,1,1,26,1,1,1,1,0.28716
13,1,2,24,4,1,1,1,0.15457
13,1,3,5,29,2,1,1,0.37911
13,1,3,1,13,1,0,0,0.22643
13,1,2,4,2,2,0,1,0.24043
13,1,3,12,21,2,1,0,0.39
13,1,1,7,2,1,1,1,0.58127
13,1,1,32,16,1,1,0,0.50845
13,1,3,19,12,1,0,0,0.51923
13,1,1,26,1,1,1,1,0.22513
13,1,3,25,4,1,1,1,0.34322
13,1,3,21,5,1,1,1,0.36849
13,1,3,26,8,1,1,1,0.61642
13,1,1,30,14,1,0,0,0.46315
13,1,1,29,13,1,0,0,0.2838
13,1,1,21,7,1,1,1,0.32712
13,1,1,26,8,1,1,1,0.10445
13,1,1,6,16,2,1,1,0.49914
13,1,1,24,1,1,1,1,0.0618
13,1,2,32,12,1,0,0,0.37045
13,1,2,20,10,1,0,0,0.56246
13,1,2,3,10,2,1,1,0.32256
13,1,2,30,2,1,1,1,0.40448
13,1,2,20,6,1,1,1,0.38713
13,1,2,22,2,1,1,1,0.75442
13,1,3,19,2,1,1,1,0.26715
13,1,1,2,17,2,1,1,0.26322
13,1,3,10,8,1,1,1,0.34712
13,1,2,24,7,1,1,1,0.73177
13,1,3,31,3,1,1,1,0.58109
13,1,2,13,32,2,1,0,0.73246
13,1,1,23,4,1,1,1,0.3419
13,1,3,2,6,1,1,1,0.67911
13,1,3,27,7,1,1,1,0.6431
13,1,1,19,5,1,1,1,0.87242
13,1,3,12,7,2,1,0,0.46847
13,1,3,20,6,1,1,1,0.50446
13,1,1,8,2,2,1,1,0.77912
13,1,3,12,27,2,1,0,0.9151
13,1,3,20,6,1,1,1,0.46124
13,1,1,11,18,2,0,0,0.24982
13,1,2,21,14,1,0,0,0.34246
13,1,1,15,19,2,0,0,0.36801
13,1,1,20,10,1,0,0,0.38377
13,1,3,16,15,1,0,0,0.23111
13,1,1,25,5,1,1,1,0.37312
13,1,1,13,27,2,0,0,0.32511
13,1,3,22,16,1,0,0,0.095139
13,1,1,21,2,1,1,1,0.23446
13,1,3,16,25,2,0,0,0.35179
13,1,1,9,21,2,0,0,0.29647
13,1,1,21,13,1,0,0,0.22717
13,1,2,13,10,1,0,0,0.11316
13,1,3,15,31,2,1,0,0.41981
13,1,1,29,6,1,0,1,0.22579
13,1,3,11,20,2,0,0,0.14381
13,1,2,1,20,2,1,1,0.43311
13,1,2,21,8,1,1,1,0.40643
13,1,3,29,2,1,1,1,0.27713
13,1,2,25,3,1,1,1,0.1931
13,1,2,22,14,1,0,0,0.20845
13,1,1,5,22,2,1,1,0.32717
14,1,-1,14,10,2,0,0,0.62838
14,1,-1,3,13,1,0,0,0.15369
14,1,-1,10,4,2,1,0,0.77836
14,1,-1,10,5,1,1,1,1.8903
14,1,-1,10,18,2,0,0,0.71766
14,1,-1,28,15,1,1,0,1.2877
14,1,-1,5,27,2,1,1,1.4991
14,1,-1,26,3,1,1,1,1.6457
14,1,-1,17,3,1,1,1,1.2671
14,1,-1,19,4,1,0,1,0.87904
14,1,-1,17,8,1,1,1,1.187
14,1,-1,23,1,1,1,1,1.5863
14,1,-1,10,26,2,0,0,0.76165
14,1,-1,12,3,2,1,0,0.70568
14,1,-1,12,24,2,1,0,1.1243
14,1,-1,17,14,1,0,0,0.69434
14,1,-1,7,4,2,0,1,0.4818
14,1,-1,21,15,1,1,0,0.82097
14,1,-1,17,10,1,1,0,0.947
14,1,-1,25,7,1,1,1,0.85967
14,1,1,24,14,1,0,0,0.79167
14,1,2,27,3,1,1,1,0.69498
14,1,3,2,22,2,0,1,0.43442
14,1,3,14,13,2,0,0,0.40771
14,1,2,15,6,1,0,1,1.0223
14,1,1,29,5,1,1,1,0.33235
14,1,2,23,14,1,0,0,0.27767
14,1,1,15,1,2,1,0,0.60968
14,1,3,7,22,2,0,1,0.76834
14,1,2,28,15,1,1,0,0.80035
14,1,2,12,16,1,0,0,0.3913
14,1,3,15,9,1,0,0,1.1343
14,1,3,13,6,2,1,0,0.88769
14,1,2,12,8,1,1,1,0.26714
14,1,2,14,24,2,0,0,0.69503
14,1,1,28,3,1,1,1,0.61034
14,1,3,7,20,2,1,1,1.257
14,1,2,6,1,2,1,1,0.49368
14,1,3,14,2,2,0,0,0.69704
14,1,1,24,5,1,1,1,1.3003
14,1,3,25,2,1,1,1,0.71117
14,1,1,24,13,1,0,0,0.53768
14,1,2,14,20,2,0,0,0.57102
14,1,3,22,5,1,1,1,0.48305
14,1,3,13,19,2,1,0,0.68638
14,1,3,27,16,1,0,0,0.51367
14,1,3,1,3,1,1,1,0.3797
14,1,1,14,11,2,0,0,0.13165
14,1,3,10,11,2,1,0,0.39698
14,1,2,5,17,2,1,1,0.69966
14,1,3,13,23,2,0,0,0.93439
14,1,2,15,16,2,1,0,0.49585
14,1,1,9,15,2,1,0,0.34635
14,1,3,16,14,2,1,0,0.33174
14,1,2,28,8,1,0,1,0.79701
14,1,2,8,3,1,1,1,0.47653
14,1,3,8,28,2,1,1,0.42437
14,1,3,28,3,1,1,1,0.47847
14,1,2,32,15,1,0,0,0.33035
14,1,2,1,20,2,1,1,0.60432
14,1,1,17,10,1,0,0,0.93101
14,1,2,14,8,1,0,1,0.67634
14,1,1,20,2,1,1,1,0.61635
14,1,1,29,1,1,1,1,0.43033
14,1,3,5,29,2,0,1,0.32437
14,1,1,12,19,2,1,0,0.31041
14,1,2,22,7,1,1,1,0.34528
14,1,1,25,11,1,1,0,1.0904
14,1,3,3,32,2,0,1,0.41371
14,1,1,27,1,1,1,1,0.69967
14,1,2,31,13,1,0,0,0.78235
14,1,2,26,1,1,1,1,0.82168
14,1,1,21,16,1,0,0,1.2037
14,1,3,19,5,1,0,1,1.5464
14,1,3,15,27,2,1,0,0.50705
14,1,1,28,15,1,1,0,1.4936
14,1,3,17,3,1,1,1,0.665
14,1,3,27,13,1,0,0,0.66905
14,1,3,11,21,2,0,0,0.46498
14,1,2,7,26,2,1,1,1.365
14,1,3,9,19,2,1,0,0.28571
14,1,2,3,1,1,0,1,0.60903
14,1,1,11,10,1,0,0,0.5917
14,1,2,23,11,1,0,0,0.62301
14,1,2,14,6,1,1,1,1.045
14,1,2,9,18,2,1,0,1.9543
14,1,3,23,16,1,1,0,1.187
14,1,3,20,1,1,0,1,0.36236
14,1,1,32,8,1,1,1,0.93901
14,1,3,14,13,1,0,0,0.33236
14,1,2,1,16,1,0,0,0.29371
14,1,3,18,7,1,1,1,0.65697
14,1,2,27,9,1,1,0,0.62965
14,1,3,24,16,1,0,0,0.57906
14,1,3,31,7,1,0,1,1.0584
14,1,2,30,3,1,1,1,0.40703
14,1,2,18,11,1,0,0,0.50968
14,1,3,4,15,1,1,0,0.92035
14,1,3,20,3,1,1,1,0.4744
14,1,2,27,14,1,0,0,0.0068488
14,1,1,18,2,1,0,1,0.57298
14,1,3,29,2,1,0,1,0.70104
14,1,2,27,7,1,1,1,0.40767
14,1,2,5,28,2,1,1,0.75035
14,1,2,9,28,2,0,0,0.48702
14,1,1,15,24,2,1,0,0.78637
14,1,2,13,17,2,0,0,1.7777
14,1,3,25,5,1,1,1,1.0417
14,1,2,28,4,1,1,1,1.567
14,1,2,16,29,2,1,0,0.903
14,1,3,27,12,1,0,0,0.78567
14,1,3,3,11,1,0,0,0.18514
14,1,3,17,4,1,0,1,0.16838
14,1,2,10,3,1,1,1,0.55234
14,1,1,14,4,1,1,1,0.82504
14,1,3,12,4,2,0,0,0.863
14,1,3,12,2,1,0,1,0.42771
14,1,1,24,11,1,1,0,0.51371
14,1,3,19,15,1,1,0,0.58767
14,1,2,29,3,1,1,1,0.36299
14,1,1,23,11,1,1,0,0.69173
14,1,2,17,9,1,0,0,0.87901
14,1,2,16,30,2,1,0,0.73126
14,1,2,4,8,2,1,1,0.70032
14,1,3,32,13,1,0,0,0.48703
14,1,2,13,17,2,1,0,0.75434
14,1,2,21,5,1,1,1,0.963
14,1,1,27,13,1,0,0,0.3077
14,1,1,4,29,2,1,1,0.95833
14,1,3,32,1,1,1,1,1.079
14,1,2,32,14,1,0,0,0.38633
14,1,1,32,10,1,1,0,0.55364
14,1,2,11,24,2,0,0,0.59435
14,1,1,12,30,2,0,0,0.48968
14,1,2,16,10,2,0,0,0.30098
14,1,3,17,8,1,1,1,0.70434
14,1,2,7,27,2,1,1,1.131
14,1,3,17,9,1,0,0,0.59637
14,1,2,7,19,2,1,1,0.46701
14,1,1,2,22,2,1,1,1.1031
14,1,2,8,14,2,1,1,1.3618
14,1,2,5,6,1,1,1,1.0263
14,1,2,16,6,2,1,0,0.85632
14,1,1,4,31,2,0,1,0.74903
14,1,3,1,16,2,1,1,0.8225
14,1,1,27,11,1,1,0,0.87637
14,1,1,13,29,2,1,0,0.52836
14,1,3,13,21,2,0,0,0.22646
14,1,1,19,14,1,1,0,0.64831
14,1,1,22,16,1,0,0,0.33369
14,1,1,9,26,2,1,0,0.78299
14,1,1,18,12,1,1,0,0.40637
14,1,1,15,12,1,0,0,0.57325
14,1,2,5,29,2,1,1,1.101
14,1,2,6,19,2,1,1,0.89565
14,1,3,26,8,1,1,1,0.59439
14,1,1,19,6,1,1,1,0.59366
14,1,3,29,15,1,1,0,0.86513
14,1,1,17,15,1,1,0,0.65301
14,1,2,13,24,2,0,0,0.12969
15,1,-1,7,28,2,0,1,0.44981
15,1,-1,25,1,1,1,1,0.63046
15,1,-1,5,9,2,0,1,1.3564
15,1,-1,20,5,1,1,1,1.5571
15,1,-1,14,29,2,0,0,0.98991
15,1,-1,30,11,1,0,0,1.0051
15,1,-1,24,10,1,0,0,0.86775
15,1,-1,2,14,1,0,0,0.69579
15,1,-1,1,3,2,-1,1,2.0001
15,1,-1,18,6,1,0,1,0.57712
15,1,-1,5,12,1,1,0,0.65709
15,1,-1,26,8,1,1,1,1.1897
15,1,-1,5,29,2,1,1,1.3971
15,1,-1,22,11,1,0,0,1.3798
15,1,-1,32,5,1,1,1,0.8278
15,1,-1,20,8,1,1,1,1.1778
15,1,-1,28,2,1,1,1,0.80915
15,1,-1,1,5,2,-1,1,2
15,1,-1,17,5,1,1,1,0.81447
15,1,-1,1,27,2,-1,1,2
15,1,2,15,8,2,0,0,1.1732
15,1,3,28,16,1,1,0,1.6451
15,1,3,3,8,2,0,1,1.7624
15,1,2,15,31,2,1,0,1.0904
15,1,3,25,15,1,1,0,0.7498
15,1,2,6,11,1,0,0,0.91844
15,1,2,3,6,2,1,1,0.67244
15,1,3,23,16,1,0,0,1.0525
15,1,3,5,31,2,1,1,1.2971
15,1,2,3,10,2,1,1,0.82042
15,1,3,1,21,2,1,1,1.0105
15,1,3,8,3,1,1,1,0.56909
15,1,1,16,14,1,0,0,0.76108
15,1,3,14,10,1,0,0,0.67379
15,1,1,8,1,2,1,1,1.6457
15,1,1,20,4,1,0,1,0.86724
15,1,2,11,4,2,0,0,0.7031
15,1,1,29,14,1,0,0,0.59376
15,1,3,26,12,1,0,0,1.8011
15,1,3,11,18,2,1,0,1.6797
15,1,3,2,17,2,1,1,0.78787
15,1,2,29,16,1,0,0,0.68311
15,1,2,27,9,1,0,0,1.1584
15,1,1,21,9,1,0,0,1.9431
15,1,2,26,15,1,1,0,0.80043
15,1,1,17,10,1,0,0,1.0871
15,1,2,11,20,2,0,0,0.59447
15,1,3,22,2,1,1,1,0.7218
15,1,2,4,18,2,0,1,1.5078
15,1,3,5,25,2,1,1,1.2704
15,1,2,29,1,1,1,1,1.1625
15,1,1,3,31,2,0,1,1.8664
15,1,1,4,1,1,1,1,0.83845
15,1,1,21,4,1,1,1,1.5798
15,1,1,3,12,1,0,0,1.5071
15,1,2,16,10,2,0,0,1.1898
15,1,3,9,17,2,0,0,0.85318
15,1,2,11,27,2,0,0,0.92177
15,1,3,21,2,1,1,1,0.51581
15,1,2,11,9,2,0,0,1.0537
15,1,1,22,1,1,1,1,0.78644
15,1,1,3,29,2,1,1,0.52977
15,1,3,13,6,1,1,1,1.2679
15,1,2,24,16,1,0,0,0.41581
15,1,3,31,5,1,1,1,0.82179
15,1,3,7,5,2,0,1,1.0918
15,1,3,13,7,1,0,1,1.3912
15,1,3,20,11,1,1,0,0.35848
15,1,3,11,23,2,0,0,1.5991
15,1,1,31,3,1,1,1,0.30176
15,1,2,21,9,1,0,0,1.8324
15,1,2,22,3,1,1,1,0.60646
15,1,2,10,23,2,0,0,1.1971
15,1,3,16,26,2,0,0,0.93243
15,1,1,18,15,1,0,0,0.62176
15,1,3,27,5,1,1,1,0.6278
15,1,3,7,2,1,1,1,0.46583
15,1,3,9,19,2,0,0,0.43043
15,1,2,1,17,2,0,1,1.3085
15,1,3,9,2,1,1,1,0.83112
15,1,2,11,22,2,0,0,0.41244
15,1,1,23,1,1,1,1,0.53843
15,1,2,23,16,1,0,0,0.32378
15,1,3,29,13,1,0,0,0.6059
15,1,2,14,5,2,0,0,0.69246
15,1,3,9,27,2,0,0,0.46383
15,1,1,13,9,1,0,0,0.74777
15,1,2,11,31,2,0,0,0.61339
15,1,2,24,10,1,0,0,0.3711
15,1,2,26,15,1,1,0,0.92316
15,1,3,5,7,2,0,1,0.95726
15,1,1,13,10,2,0,0,1.3578
15,1,1,26,9,1,0,0,0.37444
15,1,1,3,21,2,1,1,0.19843
15,1,1,2,5,1,1,1,0.42127
15,1,3,28,1,1,1,1,0.45911
15,1,1,21,5,1,1,1,0.3678
15,1,2,27,9,1,0,0,0.23976
15,1,1,14,26,2,0,0,0.46109
15,1,2,15,12,2,0,0,0.63381
15,1,2,21,7,1,1,1,0.60713
15,1,2,3,14,2,1,1,1.5818
15,1,3,24,13,1,0,0,0.63711
15,1,3,25,2,1,1,1,1.0264
15,1,2,16,9,1,0,0,0.88856
15,1,3,24,3,1,1,1,0.74783
15,1,3,13,3,1,1,1,0.90108
15,1,1,26,1,1,1,1,0.9278
15,1,2,22,14,1,0,0,0.53778
15,1,1,1,3,2,0,1,1.0351
15,1,3,26,14,1,0,0,1.0005
15,1,1,13,8,1,1,1,0.75925
15,1,3,9,20,2,0,0,1.4398
15,1,1,5,27,2,1,1,0.82117
15,1,1,27,11,1,0,0,0.26714
15,1,1,24,16,1,0,0,0.67113
15,1,1,13,4,2,1,0,0.93108
15,1,2,3,23,2,1,1,0.95708
15,1,2,11,25,2,0,0,0.57383
15,1,3,9,18,2,0,0,0.54175
15,1,2,6,20,2,1,1,0.79112
15,1,3,4,29,2,0,1,0.63046
15,1,2,14,5,1,1,1,0.82777
15,1,2,18,13,1,0,0,0.20182
15,1,3,24,10,1,0,0,0.75243
15,1,2,5,16,1,1,0,0.70513
15,1,2,31,1,1,1,1,0.91575
15,1,3,30,5,1,1,1,0.91847
15,1,3,17,11,1,0,0,0.52843
15,1,1,28,2,1,1,1,0.65044
15,1,3,30,9,1,0,0,0.27912
15,1,2,13,21,2,0,0,0.77112
15,1,3,19,5,1,1,1,0.78717
15,1,3,14,21,2,0,0,0.11445
15,1,3,9,13,2,0,0,0.52512
15,1,2,3,24,2,1,1,0.44721
15,1,1,14,2,2,0,0,1.8038
15,1,2,30,15,1,0,0,0.77843
15,1,1,30,7,1,1,1,1.2744
15,1,2,19,4,1,1,1,0.94256
15,1,1,29,4,1,1,1,1.0398
15,1,2,10,27,2,0,0,1.0131
15,1,3,31,13,1,0,0,1.4191
15,1,1,21,2,1,1,1,0.72112
15,1,2,29,4,1,0,1,1.0191
15,1,3,16,5,1,1,1,0.9291
15,1,2,19,10,1,0,0,0.3305
15,1,3,9,14,1,0,0,0.32379
15,1,3,5,29,2,1,1,0.30181
15,1,1,16,26,2,0,0,0.30448
15,1,3,5,23,2,1,1,0.57915
15,1,1,31,9,1,0,0,0.95508
15,1,3,32,13,1,0,0,1.3638
15,1,3,26,7,1,1,1,0.52448
15,1,1,11,5,1,0,1,1.4064
15,1,2,26,9,1,0,0,0.38912
15,1,3,29,15,1,1,0,1.6044
15,1,1,26,4,1,-1,1,2.0001
15,1,3,12,6,1,1,1,0.80179
15,1,3,22,16,1,0,0,0.43245
16,1,-1,27,2,1,1,1,1.743
16,1,-1,30,9,1,0,0,1.2243
16,1,-1,4,13,2,1,1,0.54236
16,1,-1,8,29,2,1,1,1.0797
16,1,-1,23,4,1,0,1,0.91498
16,1,-1,9,25,2,0,0,1.021
16,1,-1,2,22,2,1,1,0.483
16,1,-1,20,16,1,1,0,0.86235
16,1,-1,13,9,2,0,0,0.73903
16,1,-1,26,2,1,0,1,1.1483
16,1,-1,19,9,1,1,0,1.0611
16,1,-1,12,11,2,1,0,0.68967
16,1,-1,17,4,1,0,1,0.87712
16,1,-1,22,13,1,1,0,0.44901
16,1,-1,22,2,1,1,1,0.44565
16,1,-1,30,10,1,0,0,1.115
16,1,-1,11,3,2,0,0,0.893
16,1,-1,5,12,2,1,1,0.34433
16,1,-1,32,16,1,0,0,0.44166
16,1,-1,8,13,2,0,1,1.007
16,1,1,24,13,1,0,0,1.7897
16,1,2,11,32,2,0,0,0.79699
16,1,3,14,4,2,0,0,0.97165
16,1,2,3,4,2,1,1,1.6197
16,1,2,1,2,1,-1,1,2
16,1,3,15,18,2,1,0,1.7923
16,1,2,3,29,2,0,1,1.9197
16,1,1,9,20,2,0,0,0.72183
16,1,2,12,21,2,0,0,0.83565
16,1,3,20,4,1,0,1,0.88099
16,1,2,1,29,2,1,1,0.50836
16,1,2,7,17,2,1,1,0.89506
16,1,1,28,9,1,1,0,1.2983
16,1,2,22,2,1,1,1,0.45372
16,1,2,2,24,2,1,1,1.2023
16,1,1,31,15,1,0,0,0.40898
16,1,2,8,9,2,1,1,0.48767
16,1,3,12,25,2,1,0,1.1552
16,1,1,20,12,1,0,0,0.90769
16,1,1,4,15,2,1,1,0.51832
16,1,1,15,21,2,1,0,0.68837
16,1,3,10,13,2,1,0,0.4997
16,1,3,8,25,2,1,1,0.36633
16,1,1,9,1,1,1,1,0.28632
16,1,2,10,8,2,0,0,0.72964
16,1,3,13,16,2,1,0,0.29977
16,1,2,9,32,2,0,0,0.98238
16,1,1,28,6,1,0,1,0.97437
16,1,3,21,16,1,1,0,0.59832
16,1,2,9,19,2,0,0,0.56571
16,1,3,29,8,1,1,1,0.17448
16,1,1,2,25,2,1,1,0.18245
16,1,1,12,13,2,1,0,0.28633
16,1,1,28,5,1,1,1,0.31373
16,1,2,24,4,1,1,1,0.19635
16,1,3,19,16,1,0,0,0.23567
16,1,3,7,1,2,1,1,0.24102
16,1,3,4,2,2,1,1,0.3505
16,1,2,17,12,1,0,0,0.847
16,1,3,28,6,1,1,1,0.068346
16,1,1,18,5,1,1,1,0.84837
16,1,3,26,6,1,1,1,0.17297
16,1,1,23,3,1,1,1,0.15703
16,1,1,30,14,1,0,0,0.069665
16,1,3,6,8,1,1,1,0.24967
16,1,2,25,1,1,1,1,0.11043
16,1,3,17,3,1,1,1,0.072989
16,1,2,19,3,1,1,1,0.11704
16,1,2,5,28,2,1,1,0.15904
16,1,2,9,1,2,0,0,0.60766
16,1,2,18,12,1,0,0,0.86233
16,1,3,6,18,2,1,1,0.17105
16,1,3,20,16,1,0,0,0.17915
16,1,3,7,2,1,0,1,0.47506
16,1,1,16,31,2,0,0,0.23102
16,1,1,13,14,2,0,0,0.59648
16,1,3,15,13,2,0,0,0.37966
16,1,3,24,9,1,0,0,0.40368
16,1,3,15,28,2,1,0,0.30632
16,1,2,24,9,1,0,0,0.093056
16,1,2,7,11,1,0,0,0.68045
16,1,2,11,27,2,0,0,0.47634
16,1,2,17,2,1,1,1,0.33632
16,1,2,12,11,2,1,0,0.36185
16,1,3,7,22,2,1,1,0.77032
16,1,3,7,10,1,0,0,0.40234
16,1,3,17,9,1,0,0,0.73703
16,1,2,14,1,2,1,0,0.40232
16,1,2,13,3,1,0,1,0.48101
16,1,1,7,27,2,1,1,0.23634
16,1,2,2,13,2,1,1,0.28968
16,1,1,30,6,1,1,1,0.50903
16,1,1,25,16,1,1,0,0.31965
16,1,1,10,22,2,0,0,0.60165
16,1,1,17,15,1,0,0,0.29637
16,1,3,24,4,1,0,1,0.36366
16,1,2,8,27,2,1,1,0.067714
16,1,2,27,8,1,1,1,0.048479
16,1,1,23,13,1,0,0,0.085703
16,1,3,23,13,1,0,0,0.017023
16,1,2,28,16,1,-1,0,2.0001
16,1,1,18,2,1,1,1,0.35856
16,1,3,20,10,1,-1,0,2
16,1,3,19,14,1,0,0,0.26967
16,1,2,26,14,1,-1,0,2.0001
16,1,1,32,2,1,1,1,0.56832
16,1,3,27,6,1,1,1,0.30436
16,1,3,18,14,1,0,0,0.11502
16,1,3,3,23,2,1,1,0.26101
16,1,1,13,9,2,0,0,0.36169
16,1,3,21,15,1,0,0,0.30637
16,1,3,19,11,1,0,0,0.14105
16,1,2,14,12,1,1,0,0.078334
16,1,2,30,6,1,1,1,0.05035
16,1,2,16,9,2,0,0,0.039048
16,1,3,2,15,1,0,0,0.14835
16,1,2,18,4,1,1,1,0.31715
16,1,2,15,28,2,1,0,0.36712
16,1,2,12,9,2,1,0,0.567
16,1,1,6,12,2,0,1,0.727
16,1,3,23,6,1,1,1,0.70499
16,1,3,11,20,2,0,0,0.23567
16,1,1,5,13,2,1,1,0.58501
16,1,3,28,6,1,0,1,0.37637
16,1,1,11,32,2,0,0,0.36047
16,1,2,24,3,1,1,1,0.081004
16,1,3,4,24,2,1,1,0.0035715
16,1,3,23,8,1,0,1,0.051646
16,1,2,17,11,1,0,0,0.22438
16,1,3,17,2,1,1,1,0.11832
16,1,2,10,16,2,0,0,0.42433
16,1,1,20,15,1,1,0,0.65431
16,1,1,4,31,2,1,1,0.49913
16,1,1,5,3,1,1,1,0.17371
16,1,3,27,12,1,0,0,0.069716
16,1,2,23,9,1,0,0,0.28165
16,1,1,26,4,1,1,1,0.17305
16,1,2,20,2,1,1,1,0.38904
16,1,1,10,24,2,0,0,0.22036
16,1,2,27,7,1,1,1,0.14637
16,1,1,19,6,1,1,1,0.17901
16,1,2,8,31,2,1,1,0.179
16,1,2,18,2,1,1,1,0.25137
16,1,1,27,4,1,1,1,0.7038
16,1,3,22,16,1,0,0,0.090472
16,1,1,14,16,2,0,0,0.19766
16,1,1,22,9,1,0,0,0.11634
16,1,3,16,20,2,0,0,0.29439
16,1,1,21,2,1,1,1,0.4897
16,1,2,9,8,2,0,0,0.533
16,1,2,14,7,2,0,0,0.36635
16,1,3,10,20,2,1,0,0.49438
16,1,3,31,7,1,0,1,0.38569
16,1,1,26,3,1,1,1,0.34501
16,1,2,28,10,1,0,0,0.54638
16,1,3,19,13,1,0,0,0.47501
16,1,2,16,9,1,0,0,0.33511
16,1,2,8,2,1,1,1,0.29638
16,1,1,7,20,2,1,1,0.30765
16,1,3,26,12,1,0,0,0.55834
